on_time_a,planned_layover_sec,p85_pct_b,planned_dur_b,range7525_b,ampeak_a,pmpeak_a,route_pair,prob_on_time_b,pred_on_time_b
0,0.0,0.971985,1900,241.93,0,1,1_0_1_0,0.29650973177316164,0
0,0.0,0.971985,1900,241.93,0,1,1_0_1_1,0.266607365726454,0
0,431.25,0.971985,1900,241.93,0,1,1_1_1_0,0.7565459876438587,1
0,0.0,0.971985,1900,241.93,0,1,1_1_1_1,0.29650973177316164,0
0,300.0,0.971985,1900,241.93,0,1,1_1_13_0,0.6043561888633466,1
0,420.0,0.971985,1900,241.93,0,1,1_1_14_0,0.62726312891859,1
0,660.0,0.971985,1900,241.93,0,1,1_1_15_0,0.7334496429114126,1
0,510.1796407185629,0.971985,1900,241.93,0,1,1_1_21_0,0.5788669535256818,1
0,500.0,0.971985,1900,241.93,0,1,1_1_25_0,0.7266791780747252,1
0,461.3793103448276,0.971985,1900,241.93,0,1,1_1_29_0,0.7568713504545118,1
0,420.0,0.971985,1900,241.93,0,1,1_1_4_1,0.6111241946264502,1
0,376.0,0.971985,1900,241.93,0,1,1_1_410_0,0.6998381351831275,1
0,420.0,0.971985,1900,241.93,0,1,1_1_428_0,0.6249795940627731,1
0,509.6296296296296,0.971985,1900,241.93,0,1,1_1_54_0,0.5778944301317224,1
0,420.0,0.971985,1900,241.93,0,1,1_1_6_0,0.6011357920852882,1
0,449.25,0.971985,1900,241.93,0,1,1_1_71_0,0.7034711230684902,1
0,601.9354838709677,0.971985,1900,241.93,0,1,1_1_73_0,0.6734104261385905,1
0,479.62732919254654,0.971985,1900,241.93,0,1,1_1_8_0,0.5373551612694826,1
0,332.43243243243245,0.971985,1900,241.93,0,1,1_1_83_0,0.6595427302166701,1
0,540.0,0.971985,1900,241.93,0,1,1_1_84_0,0.5954823257585112,1
0,590.1639344262295,0.971985,1900,241.93,0,1,1_1_98_0,0.5783920918121546,1
0,360.0,0.971985,1900,241.93,0,1,1_1_99_0,0.6650837923173042,1
0,0.0,0.971985,1900,241.93,0,1,120_0_120_0,0.29650973177316164,0
0,300.0,0.971985,1900,241.93,0,1,120_0_120_1,0.6544737148592417,1
0,540.0,0.971985,1900,241.93,0,1,120_1_20_0,0.6224728928961638,1
0,480.0,0.971985,1900,241.93,0,1,120_1_410_0,0.4766622857211758,0
0,540.0,0.971985,1900,241.93,0,1,120_1_417_0,0.6055823936862992,1
0,480.0,0.971985,1900,241.93,0,1,120_1_421_0,0.5476163660884925,1
0,420.0,0.971985,1900,241.93,0,1,120_1_6_0,0.6246563845544226,1
0,540.0,0.971985,1900,241.93,0,1,120_1_78_0,0.7094919995181975,1
0,0.0,0.971985,1900,241.93,0,1,123_0_123_0,0.29650973177316164,0
0,320.48496605237636,0.971985,1900,241.93,0,1,123_0_123_1,0.7071955010471596,1
0,240.0,0.971985,1900,241.93,0,1,123_0_29_1,0.7145801522224436,1
0,510.0,0.971985,1900,241.93,0,1,123_1_120_0,0.5061792911325665,1
0,444.92957746478874,0.971985,1900,241.93,0,1,123_1_123_0,0.6368588066718652,1
0,0.0,0.971985,1900,241.93,0,1,123_1_123_1,0.29650973177316164,0
0,840.0,0.971985,1900,241.93,0,1,123_1_13_0,0.7189257296711183,1
0,300.0,0.971985,1900,241.93,0,1,123_1_15_0,0.6147168201528274,1
0,420.0,0.971985,1900,241.93,0,1,123_1_16_0,0.6131687752840456,1
0,420.0,0.971985,1900,241.93,0,1,123_1_161_0,0.5789472671134575,1
0,480.0,0.971985,1900,241.93,0,1,123_1_19_0,0.6522775986278794,1
0,300.0,0.971985,1900,241.93,0,1,123_1_20_0,0.6451698376767189,1
0,420.0,0.971985,1900,241.93,0,1,123_1_21_0,0.6100834637059563,1
0,660.0,0.971985,1900,241.93,0,1,123_1_3_0,0.7116224646745933,1
0,420.0,0.971985,1900,241.93,0,1,123_1_4_1,0.5957827907491491,1
0,360.0,0.971985,1900,241.93,0,1,123_1_417_0,0.5571113205529389,1
0,639.344262295082,0.971985,1900,241.93,0,1,123_1_54_0,0.6386612698469883,1
0,540.0,0.971985,1900,241.93,0,1,123_1_71_0,0.5876324635833639,1
0,600.0,0.971985,1900,241.93,0,1,123_1_74_0,0.4795650733873274,0
0,480.8219178082192,0.971985,1900,241.93,0,1,123_1_75_0,0.5401281312357832,1
0,420.0,0.971985,1900,241.93,0,1,123_1_76_0,0.5985847743694945,1
0,540.0,0.971985,1900,241.93,0,1,123_1_81_0,0.46102376191715255,0
0,540.0,0.971985,1900,241.93,0,1,123_1_82_0,0.5574578813886576,1
0,0.0,0.971985,1900,241.93,0,1,125_0_125_0,0.29650973177316164,0
0,420.0,0.971985,1900,241.93,0,1,125_1_120_0,0.5428547695748278,1
0,0.0,0.971985,1900,241.93,0,1,125_1_125_1,0.29650973177316164,0
0,420.0,0.971985,1900,241.93,0,1,125_1_16_0,0.8678549753531325,1
0,480.0,0.971985,1900,241.93,0,1,125_1_417_0,0.5476163660884925,1
0,420.0,0.971985,1900,241.93,0,1,125_1_428_0,0.6499788800415485,1
0,420.0,0.971985,1900,241.93,0,1,125_1_73_0,0.8788951246507901,1
0,420.0,0.971985,1900,241.93,0,1,125_1_84_0,0.7219842136857315,1
0,420.0,0.971985,1900,241.93,0,1,125_1_99_0,0.7890646935368318,1
0,330.7692307692308,0.971985,1900,241.93,0,1,128_0_128_1,0.7225453097925033,1
0,840.0,0.971985,1900,241.93,0,1,128_0_199_1,0.7527753975560063,1
0,480.0,0.971985,1900,241.93,0,1,128_1_21_0,0.6334421243135779,1
0,600.0,0.971985,1900,241.93,0,1,128_1_83_0,0.6176781754297536,1
0,420.0,0.971985,1900,241.93,0,1,128_1_84_0,0.6179620271780354,1
0,0.0,0.971985,1900,241.93,0,1,13_0_13_0,0.29650973177316164,0
0,400.96096096096096,0.971985,1900,241.93,0,1,13_0_13_1,0.5117059669421293,1
0,360.0,0.971985,1900,241.93,0,1,13_0_15_1,0.7015777925231858,1
0,300.0,0.971985,1900,241.93,0,1,13_0_30_1,0.5702371173041447,1
0,489.0,0.971985,1900,241.93,0,1,13_0_37_0,0.585033586106593,1
0,300.0,0.971985,1900,241.93,0,1,13_0_42_0,0.6731528457518654,1
0,420.0,0.971985,1900,241.93,0,1,13_0_43_1,0.7816461132628352,1
0,420.0,0.971985,1900,241.93,0,1,13_0_47_0,0.7553446973951108,1
0,300.0,0.971985,1900,241.93,0,1,13_0_5_0,0.7769795998235586,1
0,540.0,0.971985,1900,241.93,0,1,13_1_1_0,0.8010503435987979,1
0,360.0,0.971985,1900,241.93,0,1,13_1_123_0,0.7088953986296981,1
0,360.0,0.971985,1900,241.93,0,1,13_1_125_0,0.6227102597366981,1
0,525.2542372881356,0.971985,1900,241.93,0,1,13_1_13_0,0.8030988348967899,1
0,0.0,0.971985,1900,241.93,0,1,13_1_13_1,0.29650973177316164,0
0,578.3606557377049,0.971985,1900,241.93,0,1,13_1_15_0,0.9035196205066555,1
0,540.0,0.971985,1900,241.93,0,1,13_1_16_0,0.6444129338279905,1
0,720.0,0.971985,1900,241.93,0,1,13_1_25_0,0.841583305008847,1
0,300.0,0.971985,1900,241.93,0,1,13_1_28_0,0.6417470836026175,1
0,420.0,0.971985,1900,241.93,0,1,13_1_29_0,0.6232257679447814,1
0,556.6386554621848,0.971985,1900,241.93,0,1,13_1_4_1,0.641037402675681,1
0,517.377049180328,0.971985,1900,241.93,0,1,13_1_410_0,0.6046607671451034,1
0,420.0,0.971985,1900,241.93,0,1,13_1_421_0,0.7155841474732819,1
0,420.18461538461537,0.971985,1900,241.93,0,1,13_1_6_0,0.6879566733780914,1
0,420.0,0.971985,1900,241.93,0,1,13_1_73_0,0.8301564610729729,1
0,521.5094339622642,0.971985,1900,241.93,0,1,13_1_74_0,0.5981075550094747,1
0,480.0,0.971985,1900,241.93,0,1,13_1_8_0,0.7053509929457595,1
0,0.0,0.971985,1900,241.93,0,1,132_0_132_0,0.29650973177316164,0
0,165.22543352601156,0.971985,1900,241.93,0,1,132_0_132_1,0.32978973018292446,0
0,300.0,0.971985,1900,241.93,0,1,132_0_88_1,0.5721214388392326,1
0,391.0931174089069,0.971985,1900,241.93,0,1,132_1_132_0,0.7249068054419845,1
0,0.0,0.971985,1900,241.93,0,1,132_1_132_1,0.3087965891616929,0
0,300.0,0.971985,1900,241.93,0,1,132_1_192_0,0.5751950306532397,1
0,457.5,0.971985,1900,241.93,0,1,132_1_32_0,0.5750002518313686,1
0,493.33333333333326,0.971985,1900,241.93,0,1,132_1_38_0,0.5906561203628685,1
0,554.5945945945946,0.971985,1900,241.93,0,1,132_1_4_0,0.7773010995648231,1
0,420.0,0.971985,1900,241.93,0,1,132_1_47_1,0.5703721983553331,1
0,533.9130434782609,0.971985,1900,241.93,0,1,14_0_132_0,0.9399819851178366,1
0,0.0,0.971985,1900,241.93,0,1,14_0_14_0,0.29650973177316164,0
0,365.33333333333326,0.971985,1900,241.93,0,1,14_0_14_1,0.639216212937557,1
0,330.3614457831325,0.971985,1900,241.93,0,1,14_0_32_0,0.48328573815948733,0
0,480.0,0.971985,1900,241.93,0,1,14_0_4_0,0.36683194117431595,0
0,300.0,0.971985,1900,241.93,0,1,14_1_1_0,0.6348516296415033,1
0,360.0,0.971985,1900,241.93,0,1,14_1_123_0,0.5829284375941729,1
0,600.0,0.971985,1900,241.93,0,1,14_1_13_0,0.6139690221217453,1
0,600.7317073170732,0.971985,1900,241.93,0,1,14_1_14_0,0.7099069649248517,1
0,0.0,0.971985,1900,241.93,0,1,14_1_14_1,0.31341626247060284,0
0,524.7619047619048,0.971985,1900,241.93,0,1,14_1_15_0,0.5960381419258561,1
0,521.0526315789474,0.971985,1900,241.93,0,1,14_1_19_0,0.6578149772045776,1
0,780.0,0.971985,1900,241.93,0,1,14_1_28_0,0.7434329806661482,1
0,420.0,0.971985,1900,241.93,0,1,14_1_3_0,0.7358748244694181,1
0,540.0,0.971985,1900,241.93,0,1,14_1_4_1,0.67129215875936,1
0,820.6451612903226,0.971985,1900,241.93,0,1,14_1_54_0,0.6802613715882342,1
0,624.8780487804878,0.971985,1900,241.93,0,1,14_1_6_0,0.6414385915643057,1
0,540.0,0.971985,1900,241.93,0,1,14_1_73_0,0.616878604018346,1
0,420.0,0.971985,1900,241.93,0,1,14_1_88_0,0.5703401115483064,1
0,389.6385542168674,0.971985,1900,241.93,0,1,14_1_99_0,0.6332913622366981,1
0,0.0,0.971985,1900,241.93,0,1,15_0_15_0,0.29650973177316164,0
0,472.7930535455861,0.971985,1900,241.93,0,1,15_0_15_1,0.5500234352716984,1
0,541.5189873417721,0.971985,1900,241.93,0,1,15_0_160_0,0.7393257853909477,1
0,360.0,0.971985,1900,241.93,0,1,15_0_31_0,0.6415144711216246,1
0,540.0,0.971985,1900,241.93,0,1,15_0_37_0,0.5544645651096664,1
0,360.0,0.971985,1900,241.93,0,1,15_0_42_0,0.6547401535987784,1
0,360.0,0.971985,1900,241.93,0,1,15_0_43_1,0.6663372815265448,1
0,360.0,0.971985,1900,241.93,0,1,15_0_47_0,0.6170614776732024,1
0,660.0,0.971985,1900,241.93,0,1,15_0_5_0,0.7116224646745933,1
0,664.5,0.971985,1900,241.93,0,1,15_0_60_0,0.6955565711923933,1
0,360.0,0.971985,1900,241.93,0,1,15_1_13_0,0.6084830586836492,1
0,390.3703703703704,0.971985,1900,241.93,0,1,15_1_14_0,0.547574797557861,1
0,573.0612244897959,0.971985,1900,241.93,0,1,15_1_15_0,0.6037885801355836,1
0,0.0,0.971985,1900,241.93,0,1,15_1_15_1,0.29650973177316164,0
0,721.4814814814816,0.971985,1900,241.93,0,1,15_1_21_0,0.7602616143224505,1
0,360.0,0.971985,1900,241.93,0,1,15_1_23_0,0.6739230814023346,1
0,420.0,0.971985,1900,241.93,0,1,15_1_3_0,0.7607199756313705,1
0,720.0,0.971985,1900,241.93,0,1,15_1_410_0,0.7341467183653219,1
0,516.9458128078818,0.971985,1900,241.93,0,1,15_1_6_0,0.770736533098966,1
0,300.0,0.971985,1900,241.93,0,1,15_1_71_0,0.788932693098539,1
0,480.0,0.971985,1900,241.93,0,1,15_1_73_0,0.8032280426253773,1
0,480.0,0.971985,1900,241.93,0,1,15_1_8_0,0.7168735128459974,1
0,300.0,0.971985,1900,241.93,0,1,15_1_80_0,0.6463324901670389,1
0,600.0,0.971985,1900,241.93,0,1,15_1_83_0,0.6687800102555779,1
0,654.7058823529412,0.971985,1900,241.93,0,1,15_1_84_0,0.628836768096765,1
0,0.0,0.971985,1900,241.93,0,1,160_0_160_0,0.29650973177316164,0
0,280.28747433264886,0.971985,1900,241.93,0,1,160_0_160_1,0.6807323375972032,1
0,444.3037974683544,0.971985,1900,241.93,0,1,160_1_13_1,0.6380486969139411,1
0,448.19277108433727,0.971985,1900,241.93,0,1,160_1_15_1,0.6528159376979235,1
0,600.0,0.971985,1900,241.93,0,1,160_1_160_0,0.6176781754297536,1
0,0.0,0.971985,1900,241.93,0,1,160_1_160_1,0.29650973177316164,0
0,415.5555555555556,0.971985,1900,241.93,0,1,160_1_31_0,0.7980688009752476,1
0,300.0,0.971985,1900,241.93,0,1,160_1_33_0,0.6461972259994366,1
0,360.48,0.971985,1900,241.93,0,1,160_1_38_1,0.7260863432536822,1
0,660.0,0.971985,1900,241.93,0,1,160_1_42_0,0.7283052864885189,1
0,780.0,0.971985,1900,241.93,0,1,160_1_43_1,0.7434329806661482,1
0,449.2771084337349,0.971985,1900,241.93,0,1,160_1_5_0,0.6498698699978426,1
0,390.0,0.971985,1900,241.93,0,1,160_1_50_0,0.6054815290256486,1
0,0.0,0.971985,1900,241.93,0,1,16_0_16_0,0.29650973177316164,0
0,600.0,0.971985,1900,241.93,0,1,160_1_60_0,0.6399807071462976,1
0,0.0,0.971985,1900,241.93,0,1,16_0_16_1,0.29092316388985506,0
0,0.0,0.971985,1900,241.93,0,1,161_0_161_0,0.29650973177316164,0
0,358.01652892561987,0.971985,1900,241.93,0,1,161_0_161_1,0.6654740871849292,1
0,420.0,0.971985,1900,241.93,0,1,161_1_123_0,0.5835148903283338,1
0,540.0,0.971985,1900,241.93,0,1,161_1_16_0,0.611859109058794,1
0,505.5445544554456,0.971985,1900,241.93,0,1,161_1_161_0,0.6871902386325329,1
0,420.0,0.971985,1900,241.93,0,1,161_1_185_0,0.614356882245003,1
0,660.0,0.971985,1900,241.93,0,1,161_1_20_0,0.7619481703548318,1
0,388.86075949367086,0.971985,1900,241.93,0,1,16_1_123_0,0.624494974890507,1
0,420.0,0.971985,1900,241.93,0,1,16_1_125_0,0.6109325683189238,1
0,600.0,0.971985,1900,241.93,0,1,16_1_13_0,0.5761268970093872,1
0,420.0,0.971985,1900,241.93,0,1,16_1_14_0,0.6398571531157755,1
0,300.0,0.971985,1900,241.93,0,1,161_1_410_0,0.640305450105895,1
0,450.3703703703704,0.971985,1900,241.93,0,1,161_1_417_0,0.6978781613074867,1
0,480.0,0.971985,1900,241.93,0,1,16_1_15_0,0.593810166583301,1
0,486.9406392694064,0.971985,1900,241.93,0,1,16_1_16_0,0.7173387219318482,1
0,420.0,0.971985,1900,241.93,0,1,16_1_161_0,0.6155109368733283,1
0,420.0,0.971985,1900,241.93,0,1,161_1_73_0,0.6055399250601863,1
0,420.0,0.971985,1900,241.93,0,1,161_1_82_0,0.6023708737298464,1
0,512.25,0.971985,1900,241.93,0,1,161_1_88_0,0.5803648833645005,1
0,420.0,0.971985,1900,241.93,0,1,16_1_19_0,0.6111241946264502,1
0,450.0,0.971985,1900,241.93,0,1,16_1_20_0,0.5914167705974275,1
0,420.0,0.971985,1900,241.93,0,1,16_1_21_0,0.6357729496632442,1
0,480.0,0.971985,1900,241.93,0,1,16_1_25_0,0.6698560318285921,1
0,360.0,0.971985,1900,241.93,0,1,16_1_410_0,0.6356377925663454,1
0,480.0,0.971985,1900,241.93,0,1,16_1_428_0,0.43524957189541547,0
0,360.0,0.971985,1900,241.93,0,1,16_1_506_0,0.6098168436115371,1
0,480.0,0.971985,1900,241.93,0,1,16_1_71_0,0.793565936496386,1
0,420.0,0.971985,1900,241.93,0,1,16_1_73_0,0.4827760986649672,0
0,840.0,0.971985,1900,241.93,0,1,16_1_75_0,0.690321257804841,1
0,420.0,0.971985,1900,241.93,0,1,16_1_80_0,0.6015704425375431,1
0,680.6896551724137,0.971985,1900,241.93,0,1,16_1_81_0,0.5994365727909893,1
0,325.2631578947368,0.971985,1900,241.93,0,1,16_1_84_0,0.6268088445805653,1
0,420.0,0.971985,1900,241.93,0,1,16_1_9_0,0.7054933916932121,1
0,420.0,0.971985,1900,241.93,0,1,16_1_99_0,0.5013329376165896,1
0,0.0,0.971985,1900,241.93,0,1,170_0_170_0,0.29650973177316164,0
0,121.89873417721518,0.971985,1900,241.93,0,1,170_0_170_1,0.3079646479540093,0
0,243.09417040358744,0.971985,1900,241.93,0,1,170_1_170_0,0.1542019182953916,0
0,0.0,0.971985,1900,241.93,0,1,170_1_170_1,0.29650973177316164,0
0,0.0,0.971985,1900,241.93,0,1,180_0_180_0,0.29650973177316164,0
0,477.7914110429448,0.971985,1900,241.93,0,1,180_0_180_1,0.4415138727736439,0
0,480.0,0.971985,1900,241.93,0,1,180_1_13_0,0.5756616457956044,1
0,721.4814814814816,0.971985,1900,241.93,0,1,180_1_180_0,0.8170027648151814,1
0,0.0,0.971985,1900,241.93,0,1,180_1_180_1,0.29650973177316164,0
0,480.0,0.971985,1900,241.93,0,1,180_1_19_0,0.5525728115654678,1
0,420.0,0.971985,1900,241.93,0,1,180_1_3_0,0.5882660787344103,1
0,480.0,0.971985,1900,241.93,0,1,180_1_82_0,0.5909099769610958,1
0,420.0,0.971985,1900,241.93,0,1,180_1_85_0,0.6661576803425869,1
0,120.0,0.971985,1900,241.93,0,1,185_0_85_1,0.5862998113997983,1
0,540.0,0.971985,1900,241.93,0,1,185_1_16_0,0.7777406007359124,1
0,540.0,0.971985,1900,241.93,0,1,185_1_4_1,0.6537531130214521,1
0,420.0,0.971985,1900,241.93,0,1,185_1_71_0,0.7880260401287421,1
0,420.0,0.971985,1900,241.93,0,1,185_1_85_0,0.6341682940370786,1
0,0.0,0.971985,1900,241.93,0,1,19_0_19_0,0.302152994206875,0
0,0.0,0.971985,1900,241.93,0,1,19_0_19_1,0.2838918569474461,0
0,420.0,0.971985,1900,241.93,0,1,19_1_120_0,0.6111241946264502,1
0,420.0,0.971985,1900,241.93,0,1,19_1_13_0,0.62102278589442,1
0,420.0,0.971985,1900,241.93,0,1,19_1_180_0,0.6621158059353568,1
0,469.6755994358251,0.971985,1900,241.93,0,1,19_1_19_0,0.6651559197845375,1
0,0.0,0.971985,1900,241.93,0,1,19_1_19_1,0.2213587877969062,0
0,479.2771084337349,0.971985,1900,241.93,0,1,19_1_199_0,0.5981092804487645,1
0,523.5483870967741,0.971985,1900,241.93,0,1,19_1_20_0,0.4631199396202759,0
0,419.016393442623,0.971985,1900,241.93,0,1,19_1_25_0,0.6573477287395832,1
0,300.0,0.971985,1900,241.93,0,1,19_1_28_0,0.4897632311937591,0
0,660.0,0.971985,1900,241.93,0,1,19_1_3_0,0.7272101372982592,1
0,420.0,0.971985,1900,241.93,0,1,19_1_417_0,0.6662336620794836,1
0,688.1927710843373,0.971985,1900,241.93,0,1,19_1_428_0,0.6242394535403872,1
0,420.0,0.971985,1900,241.93,0,1,19_1_73_0,0.555480848814488,1
0,600.0,0.971985,1900,241.93,0,1,19_1_75_0,0.6336769193551498,1
0,500.0,0.971985,1900,241.93,0,1,19_1_81_0,0.675852395945503,1
0,480.0,0.971985,1900,241.93,0,1,19_1_85_0,0.5590451401889311,1
0,0.0,0.971985,1900,241.93,0,1,192_0_192_0,0.29650973177316164,0
0,840.0,0.971985,1900,241.93,0,1,192_0_428_1,0.5968310431887153,1
0,780.0,0.971985,1900,241.93,0,1,192_1_132_0,0.7434329806661482,1
0,628.1481481481482,0.971985,1900,241.93,0,1,192_1_47_1,0.6020281600811506,1
0,600.0,0.971985,1900,241.93,0,1,199_0_98_1,0.7254374446075483,1
0,420.0,0.971985,1900,241.93,0,1,199_1_123_0,0.6633481542263971,1
0,540.0,0.971985,1900,241.93,0,1,199_1_25_0,0.6036717061383663,1
0,420.0,0.971985,1900,241.93,0,1,199_1_83_0,0.6033262832305698,1
0,0.0,0.971985,1900,241.93,0,1,20_0_20_0,0.29650973177316164,0
0,0.0,0.971985,1900,241.93,0,1,20_0_20_1,0.17978602499398855,0
0,420.0,0.971985,1900,241.93,0,1,20_1_123_0,0.44455956336811375,0
0,540.0,0.971985,1900,241.93,0,1,20_1_14_0,0.5422338621491668,1
0,489.84,0.971985,1900,241.93,0,1,20_1_16_0,0.5657941933252074,1
0,420.0,0.971985,1900,241.93,0,1,20_1_19_0,0.6463761122766033,1
0,600.0,0.971985,1900,241.93,0,1,20_1_20_0,0.6089113389347087,1
0,0.0,0.971985,1900,241.93,0,1,20_1_20_1,0.29650973177316164,0
0,300.0,0.971985,1900,241.93,0,1,20_1_21_0,0.5282877075477744,1
0,420.0,0.971985,1900,241.93,0,1,20_1_3_0,0.6554078591947948,1
0,420.0,0.971985,1900,241.93,0,1,20_1_4_1,0.6395893281281249,1
0,460.2144772117962,0.971985,1900,241.93,0,1,20_1_410_0,0.5114519439723382,1
0,510.0,0.971985,1900,241.93,0,1,20_1_428_0,0.5815363451029955,1
0,518.1818181818181,0.971985,1900,241.93,0,1,20_1_54_0,0.5810902101108948,1
0,600.0,0.971985,1900,241.93,0,1,20_1_71_0,0.6867971407176748,1
0,480.0,0.971985,1900,241.93,0,1,20_1_73_0,0.47078717090414035,0
0,420.0,0.971985,1900,241.93,0,1,20_1_76_0,0.6109325683189238,1
0,540.0,0.971985,1900,241.93,0,1,20_1_78_0,0.7314933470611088,1
0,459.344262295082,0.971985,1900,241.93,0,1,20_1_8_0,0.47361486838628375,0
0,420.0,0.971985,1900,241.93,0,1,20_1_81_0,0.5794311034641022,1
0,420.0,0.971985,1900,241.93,0,1,20_1_84_0,0.44057828084789064,0
0,420.0,0.971985,1900,241.93,0,1,20_1_88_0,0.622365862640105,1
0,0.0,0.971985,1900,241.93,0,1,21_0_21_0,0.2869109256388969,0
0,133.08454810495627,0.971985,1900,241.93,0,1,21_0_21_1,0.4093015214591905,0
0,780.0,0.971985,1900,241.93,0,1,21_1_1_0,0.7836237991243981,1
0,323.52941176470586,0.971985,1900,241.93,0,1,21_1_14_0,0.7093304015358864,1
0,358.5365853658536,0.971985,1900,241.93,0,1,21_1_15_0,0.6364452121826899,1
0,444.44444444444446,0.971985,1900,241.93,0,1,21_1_16_0,0.6151462372139691,1
0,660.0,0.971985,1900,241.93,0,1,21_1_19_0,0.7488349205109073,1
0,420.0,0.971985,1900,241.93,0,1,21_1_20_0,0.6119847629210416,1
0,540.986301369863,0.971985,1900,241.93,0,1,21_1_21_0,0.7147957972586783,1
0,0.0,0.971985,1900,241.93,0,1,21_1_21_1,0.29650973177316164,0
0,420.0,0.971985,1900,241.93,0,1,21_1_29_0,0.3798593265987732,0
0,525.3658536585366,0.971985,1900,241.93,0,1,21_1_4_1,0.8105995078592863,1
0,660.0,0.971985,1900,241.93,0,1,21_1_417_0,0.7303850501224787,1
0,660.0,0.971985,1900,241.93,0,1,21_1_428_0,0.7358991773525552,1
0,780.0,0.971985,1900,241.93,0,1,21_1_54_0,0.743198069826555,1
0,360.0,0.971985,1900,241.93,0,1,21_1_6_0,0.5679623693148396,1
0,360.0,0.971985,1900,241.93,0,1,21_1_73_0,0.63104920946375,1
0,420.0,0.971985,1900,241.93,0,1,21_1_74_0,0.6247867672650347,1
0,660.0,0.971985,1900,241.93,0,1,21_1_75_0,0.7133228915753268,1
0,360.0,0.971985,1900,241.93,0,1,21_1_84_0,0.5669952479602669,1
0,300.0,0.971985,1900,241.93,0,1,22_0_161_1,0.7076964070636285,1
0,329.2682926829268,0.971985,1900,241.93,0,1,22_0_22_1,0.5813982183827009,1
0,388.52941176470586,0.971985,1900,241.93,0,1,22_1_22_0,0.7115020730211483,1
0,120.0,0.971985,1900,241.93,0,1,23_0_23_1,0.5059629319564365,1
0,0.0,0.971985,1900,241.93,0,1,23_1_23_1,0.29650973177316164,0
0,600.0,0.971985,1900,241.93,0,1,23_1_3_0,0.6358304067222782,1
0,540.0,0.971985,1900,241.93,0,1,23_1_417_0,0.6211975577231484,1
0,480.0,0.971985,1900,241.93,0,1,23_1_73_0,0.5567307158061687,1
0,480.0,0.971985,1900,241.93,0,1,23_1_81_0,0.5503816613245579,1
0,0.0,0.971985,1900,241.93,0,1,25_0_25_0,0.29650973177316164,0
0,260.2264150943396,0.971985,1900,241.93,0,1,25_0_25_1,0.7951329683208614,1
0,420.72289156626505,0.971985,1900,241.93,0,1,25_1_16_0,0.5957776478038506,1
0,720.0,0.971985,1900,241.93,0,1,25_1_20_0,0.7431866166597272,1
0,360.0,0.971985,1900,241.93,0,1,25_1_21_0,0.6670602462856748,1
0,509.09090909090907,0.971985,1900,241.93,0,1,25_1_25_0,0.47650828838247034,0
0,420.0,0.971985,1900,241.93,0,1,25_1_3_0,0.6083154673730066,1
0,540.0,0.971985,1900,241.93,0,1,25_1_417_0,0.4999082114301491,0
0,540.0,0.971985,1900,241.93,0,1,25_1_71_0,0.7575903811359288,1
0,480.0,0.971985,1900,241.93,0,1,25_1_73_0,0.781833942686399,1
0,540.0,0.971985,1900,241.93,0,1,25_1_78_0,0.556755961909546,1
0,540.0,0.971985,1900,241.93,0,1,25_1_81_0,0.6065959458186315,1
0,420.0,0.971985,1900,241.93,0,1,25_1_84_0,0.6031211324413325,1
0,420.0,0.971985,1900,241.93,0,1,25_1_9_0,0.5483035753946428,1
0,480.0,0.971985,1900,241.93,0,1,25_1_99_0,0.5325520365170362,1
0,0.0,0.971985,1900,241.93,0,1,28_0_28_0,0.2887108891385799,0
0,527.2868217054264,0.971985,1900,241.93,0,1,28_0_28_1,0.5636152790999446,1
0,484.00651465798046,0.971985,1900,241.93,0,1,28_1_28_0,0.3040628711204999,0
0,0.0,0.971985,1900,241.93,0,1,28_1_28_1,0.29650973177316164,0
0,300.0,0.971985,1900,241.93,0,1,28_1_6_0,0.4365105501600295,0
0,600.2926829268292,0.971985,1900,241.93,0,1,28_1_8_0,0.6513556354293792,1
0,557.7358490566038,0.971985,1900,241.93,0,1,28_1_88_0,0.6066282810940113,1
0,0.0,0.971985,1900,241.93,0,1,284_1_284_1,0.29650973177316164,0
0,0.0,0.971985,1900,241.93,0,1,29_0_29_0,0.29650973177316164,0
0,0.0,0.971985,1900,241.93,0,1,29_0_29_1,0.20836719838692455,0
0,360.0,0.971985,1900,241.93,0,1,29_1_1_0,0.6141164296261014,1
0,320.625,0.971985,1900,241.93,0,1,29_1_14_0,0.6413801054220443,1
0,420.0,0.971985,1900,241.93,0,1,29_1_16_0,0.6109325683189238,1
0,300.0,0.971985,1900,241.93,0,1,29_1_21_0,0.6297500839889612,1
0,540.0,0.971985,1900,241.93,0,1,29_1_25_0,0.7622114434864484,1
0,447.0422535211268,0.971985,1900,241.93,0,1,29_1_28_0,0.44096334399064463,0
0,450.54545454545456,0.971985,1900,241.93,0,1,29_1_29_0,0.49071011903325135,0
0,0.0,0.971985,1900,241.93,0,1,29_1_29_1,0.29650973177316164,0
0,480.0,0.971985,1900,241.93,0,1,29_1_410_0,0.6661834487505057,1
0,480.0,0.971985,1900,241.93,0,1,29_1_417_0,0.6421273239797322,1
0,539.6296296296296,0.971985,1900,241.93,0,1,29_1_6_0,0.6468745845359711,1
0,480.0,0.971985,1900,241.93,0,1,29_1_607_1,0.5616677642721529,1
0,646.0714285714286,0.971985,1900,241.93,0,1,29_1_84_0,0.707852967816127,1
0,660.0,0.971985,1900,241.93,0,1,29_1_98_0,0.6428904855447296,1
0,420.0,0.971985,1900,241.93,0,1,29_1_99_0,0.5769447068884629,1
0,433.89162561576353,0.971985,1900,241.93,0,1,30_1_30_1,0.5166404616809043,1
0,420.0,0.971985,1900,241.93,0,1,30_1_33_0,0.6462049002892679,1
0,360.0,0.971985,1900,241.93,0,1,30_1_38_1,0.7232298024793614,1
0,480.0,0.971985,1900,241.93,0,1,30_1_47_0,0.7645506206852949,1
0,720.0,0.971985,1900,241.93,0,1,30_1_50_0,0.7608154597641067,1
0,300.0,0.971985,1900,241.93,0,1,30_1_60_0,0.7734497163953533,1
0,0.0,0.971985,1900,241.93,0,1,3_0_3_0,0.29650973177316164,0
0,0.0,0.971985,1900,241.93,0,1,3_0_3_1,0.19409795757548087,0
0,120.0,0.971985,1900,241.93,0,1,31_0_31_1,0.7685712715035048,1
0,480.0,0.971985,1900,241.93,0,1,3_1_1_0,0.6141518969788792,1
0,300.0,0.971985,1900,241.93,0,1,31_1_15_1,0.629454860601588,1
0,300.0,0.971985,1900,241.93,0,1,31_1_160_0,0.8053796217902415,1
0,660.0,0.971985,1900,241.93,0,1,3_1_123_0,0.736838736413685,1
0,542.0869565217391,0.971985,1900,241.93,0,1,31_1_38_1,0.7932187906801456,1
0,660.0,0.971985,1900,241.93,0,1,3_1_14_0,0.7062479119377313,1
0,333.5467980295566,0.971985,1900,241.93,0,1,31_1_41_1,0.8925735080723887,1
0,300.0,0.971985,1900,241.93,0,1,31_1_42_0,0.6461972259994366,1
0,615.7894736842105,0.971985,1900,241.93,0,1,31_1_44_0,0.6384744316046366,1
0,300.0,0.971985,1900,241.93,0,1,31_1_46_0,0.6796253582262504,1
0,360.0,0.971985,1900,241.93,0,1,31_1_47_0,0.620265700761199,1
0,420.0,0.971985,1900,241.93,0,1,3_1_15_0,0.6539567497420496,1
0,660.0,0.971985,1900,241.93,0,1,31_1_5_0,0.7001259767436289,1
0,720.0,0.971985,1900,241.93,0,1,31_1_50_0,0.8567718300855842,1
0,692.25,0.971985,1900,241.93,0,1,31_1_60_0,0.7643275004266031,1
0,420.0,0.971985,1900,241.93,0,1,3_1_185_0,0.6143270997951202,1
0,480.0,0.971985,1900,241.93,0,1,3_1_20_0,0.5838939784067849,1
0,582.3411371237457,0.971985,1900,241.93,0,1,3_1_3_0,0.5928588043670251,1
0,0.0,0.971985,1900,241.93,0,1,3_1_3_1,0.29650973177316164,0
0,420.0,0.971985,1900,241.93,0,1,3_1_417_0,0.5941253664238213,1
0,420.0,0.971985,1900,241.93,0,1,3_1_421_0,0.6956676104529264,1
0,598.8118811881188,0.971985,1900,241.93,0,1,3_1_54_0,0.5966573872761869,1
0,420.0,0.971985,1900,241.93,0,1,3_1_73_0,0.6111241946264502,1
0,420.0,0.971985,1900,241.93,0,1,3_1_74_0,0.46769602080904094,0
0,840.0,0.971985,1900,241.93,0,1,3_1_75_0,0.6752826642254753,1
0,0.0,0.971985,1900,241.93,0,1,32_0_32_0,0.29650973177316164,0
0,189.8630136986301,0.971985,1900,241.93,0,1,32_0_32_1,0.9158649113605303,1
0,361.4634146341464,0.971985,1900,241.93,0,1,32_1_132_0,0.878634934538474,1
0,360.0,0.971985,1900,241.93,0,1,32_1_14_1,0.6272345983298869,1
0,660.0,0.971985,1900,241.93,0,1,32_1_192_0,0.8178740017640809,1
0,459.5121951219512,0.971985,1900,241.93,0,1,32_1_32_0,0.7617771907300863,1
0,0.0,0.971985,1900,241.93,0,1,32_1_32_1,0.29650973177316164,0
0,589.2592592592592,0.971985,1900,241.93,0,1,32_1_38_0,0.7092658593978666,1
0,530.5691056910568,0.971985,1900,241.93,0,1,32_1_4_0,0.743181953603292,1
0,0.0,0.971985,1900,241.93,0,1,33_0_33_0,0.29650973177316164,0
0,0.0,0.971985,1900,241.93,0,1,33_0_33_1,0.707276344313547,1
0,300.0,0.971985,1900,241.93,0,1,33_1_160_0,0.8672193638593622,1
0,540.0,0.971985,1900,241.93,0,1,33_1_37_0,0.5954823257585112,1
0,780.0,0.971985,1900,241.93,0,1,33_1_37_1,0.7271809375342829,1
0,360.0,0.971985,1900,241.93,0,1,33_1_42_0,0.7765340883338326,1
0,420.0,0.971985,1900,241.93,0,1,33_1_46_0,0.6222232806423692,1
0,480.0,0.971985,1900,241.93,0,1,33_1_49_0,0.584571025709394,1
0,420.0,0.971985,1900,241.93,0,1,33_1_50_0,0.5562750078066631,1
0,420.0,0.971985,1900,241.93,0,1,33_1_59_0,0.8092886736331298,1
0,0.0,0.971985,1900,241.93,0,1,34_0_34_0,0.29650973177316164,0
0,0.0,0.971985,1900,241.93,0,1,34_0_34_1,0.9391267283780107,1
0,593.2075471698113,0.971985,1900,241.93,0,1,34_1_34_0,0.78082222773002,1
0,0.0,0.971985,1900,241.93,0,1,34_1_34_1,0.29650973177316164,0
0,300.0,0.971985,1900,241.93,0,1,34_1_38_1,0.629454860601588,1
0,480.0,0.971985,1900,241.93,0,1,34_1_44_0,0.5476163660884925,1
0,360.0,0.971985,1900,241.93,0,1,34_1_49_0,0.6386484784305279,1
0,360.0,0.971985,1900,241.93,0,1,34_1_5_0,0.6448250191345087,1
0,0.0,0.971985,1900,241.93,0,1,37_0_37_1,0.31644302202198654,0
0,540.0,0.971985,1900,241.93,0,1,37_1_160_0,0.5954823257585112,1
0,300.0,0.971985,1900,241.93,0,1,37_1_37_0,0.6735414442370212,1
0,300.0,0.971985,1900,241.93,0,1,37_1_46_0,0.629454860601588,1
0,300.0,0.971985,1900,241.93,0,1,37_1_542_1,0.629454860601588,1
0,360.0,0.971985,1900,241.93,0,1,38_0_160_0,0.6356377925663454,1
0,419.4174757281553,0.971985,1900,241.93,0,1,38_0_31_0,0.6642783365853305,1
0,420.0,0.971985,1900,241.93,0,1,38_0_37_0,0.7310495170684517,1
0,599.2682926829268,0.971985,1900,241.93,0,1,38_0_38_1,0.7355982603989025,1
0,561.6393442622951,0.971985,1900,241.93,0,1,38_0_42_0,0.6359947436130748,1
0,480.0,0.971985,1900,241.93,0,1,38_0_44_0,0.5476163660884925,1
0,545.0847457627119,0.971985,1900,241.93,0,1,38_0_46_0,0.6088469641916403,1
0,480.0,0.971985,1900,241.93,0,1,38_0_47_0,0.567726695312717,1
0,300.0,0.971985,1900,241.93,0,1,38_0_49_0,0.6121989384509512,1
0,480.0,0.971985,1900,241.93,0,1,38_0_5_0,0.4801005136594412,0
0,780.0,0.971985,1900,241.93,0,1,38_0_6_1,0.8266654524523734,1
0,455.0,0.971985,1900,241.93,0,1,38_1_132_0,0.5566228996932973,1
0,510.50279329608935,0.971985,1900,241.93,0,1,38_1_14_1,0.7856562793983914,1
0,476.4356435643564,0.971985,1900,241.93,0,1,38_1_32_0,0.7701335535408406,1
0,512.8730512249443,0.971985,1900,241.93,0,1,38_1_38_0,0.9056941312601008,1
0,0.0,0.971985,1900,241.93,0,1,38_1_38_1,0.29650973177316164,0
0,470.0970873786408,0.971985,1900,241.93,0,1,38_1_4_0,0.5665353322169155,1
0,420.0,0.971985,1900,241.93,0,1,4_0_1_0,0.6745025927513403,1
0,540.0,0.971985,1900,241.93,0,1,4_0_123_0,0.5954823257585112,1
0,397.11864406779665,0.971985,1900,241.93,0,1,4_0_13_0,0.7257074324236418,1
0,660.0,0.971985,1900,241.93,0,1,4_0_15_0,0.7264334824066419,1
0,360.0,0.971985,1900,241.93,0,1,4_0_19_0,0.6227102597366981,1
0,569.620253164557,0.971985,1900,241.93,0,1,4_0_20_0,0.5709759224689088,1
0,477.5342465753425,0.971985,1900,241.93,0,1,4_0_21_0,0.7093061882932246,1
0,360.0,0.971985,1900,241.93,0,1,4_0_28_0,0.5855671449159497,1
0,420.0,0.971985,1900,241.93,0,1,4_0_3_0,0.6400602015704998,1
0,500.0,0.971985,1900,241.93,0,1,4_0_4_1,0.743867620665357,1
0,660.0,0.971985,1900,241.93,0,1,4_0_417_0,0.7061164040674055,1
0,480.0,0.971985,1900,241.93,0,1,4_0_421_0,0.5507490262354636,1
0,449.6385542168674,0.971985,1900,241.93,0,1,4_0_54_0,0.6527906930824766,1
0,480.0,0.971985,1900,241.93,0,1,4_0_73_0,0.5534051489773691,1
0,840.0,0.971985,1900,241.93,0,1,4_0_76_0,0.7992526758382268,1
0,660.0,0.971985,1900,241.93,0,1,4_0_8_0,0.7332637074901464,1
0,480.0,0.971985,1900,241.93,0,1,4_0_80_0,0.5333472836150207,1
0,720.0,0.971985,1900,241.93,0,1,4_0_81_0,0.7414431808844211,1
0,534.6268656716418,0.971985,1900,241.93,0,1,4_0_83_0,0.7209352232680181,1
0,480.0,0.971985,1900,241.93,0,1,4_0_99_0,0.4611124191152937,0
0,0.0,0.971985,1900,241.93,0,1,410_0_410_0,0.29650973177316164,0
0,0.0,0.971985,1900,241.93,0,1,410_0_410_1,0.3290162160446946,0
0,439.8347107438017,0.971985,1900,241.93,0,1,410_1_1_0,0.5669552346262552,1
0,540.0,0.971985,1900,241.93,0,1,410_1_15_0,0.4232089370299651,0
0,480.0,0.971985,1900,241.93,0,1,410_1_16_0,0.5476163660884925,1
0,368.42975206611567,0.971985,1900,241.93,0,1,410_1_20_0,0.44745547660091395,0
0,420.0,0.971985,1900,241.93,0,1,410_1_25_0,0.6676284191548677,1
0,300.0,0.971985,1900,241.93,0,1,410_1_29_0,0.6344192989955666,1
0,480.0,0.971985,1900,241.93,0,1,410_1_3_0,0.5132829420989655,1
0,450.36144578313247,0.971985,1900,241.93,0,1,410_1_4_1,0.5155523627613053,1
0,691.0843373493976,0.971985,1900,241.93,0,1,410_1_410_0,0.8464034227806637,1
0,0.0,0.971985,1900,241.93,0,1,410_1_410_1,0.29650973177316164,0
0,497.3553719008264,0.971985,1900,241.93,0,1,410_1_417_0,0.6751289591261498,1
0,360.48,0.971985,1900,241.93,0,1,410_1_71_0,0.8383853815606774,1
0,351.91011235955057,0.971985,1900,241.93,0,1,410_1_73_0,0.4770765557123918,0
0,442.5,0.971985,1900,241.93,0,1,410_1_76_0,0.7537570958099767,1
0,540.0,0.971985,1900,241.93,0,1,410_1_82_0,0.5954823257585112,1
0,780.0,0.971985,1900,241.93,0,1,410_1_83_0,0.7434329806661482,1
0,360.0,0.971985,1900,241.93,0,1,410_1_88_0,0.6670180256324533,1
0,360.0,0.971985,1900,241.93,0,1,41_1_13_1,0.6268716703785719,1
0,540.0,0.971985,1900,241.93,0,1,41_1_15_1,0.5982894485108372,1
0,660.0,0.971985,1900,241.93,0,1,41_1_160_0,0.7116224646745933,1
0,840.0,0.971985,1900,241.93,0,1,41_1_31_0,0.8514287240317432,1
0,502.31884057971007,0.971985,1900,241.93,0,1,4_1_132_0,0.5678137023807887,1
0,780.0,0.971985,1900,241.93,0,1,4_1_14_1,0.8339210447795663,1
0,286.04651162790697,0.971985,1900,241.93,0,1,41_1_41_1,0.6645084243730272,1
0,540.0,0.971985,1900,241.93,0,1,41_1_42_0,0.6068385921650689,1
0,454.9090909090909,0.971985,1900,241.93,0,1,41_1_44_0,0.6788880030277586,1
0,418.4313725490196,0.971985,1900,241.93,0,1,41_1_49_0,0.6269445634149186,1
0,439.67213114754094,0.971985,1900,241.93,0,1,41_1_50_0,0.6110273738997075,1
0,510.0,0.971985,1900,241.93,0,1,41_1_60_0,0.8289696982506292,1
0,420.0,0.971985,1900,241.93,0,1,4_1_192_0,0.6273214211296686,1
0,480.7317073170732,0.971985,1900,241.93,0,1,4_1_32_0,0.5931709825612398,1
0,450.0,0.971985,1900,241.93,0,1,4_1_38_0,0.6351995196734773,1
0,623.7623762376238,0.971985,1900,241.93,0,1,4_1_4_0,0.7765744462791586,1
0,0.0,0.971985,1900,241.93,0,1,4_1_4_1,0.29650973177316164,0
0,540.0,0.971985,1900,241.93,0,1,4_1_47_1,0.6694744323842898,1
0,0.0,0.971985,1900,241.93,0,1,417_0_417_0,0.29650973177316164,0
0,0.0,0.971985,1900,241.93,0,1,417_0_417_1,0.20704867519895273,0
0,780.0,0.971985,1900,241.93,0,1,417_1_1_0,0.7434329806661482,1
0,480.0,0.971985,1900,241.93,0,1,417_1_120_0,0.5534051489773691,1
0,360.0,0.971985,1900,241.93,0,1,417_1_125_0,0.6227102597366981,1
0,480.0,0.971985,1900,241.93,0,1,417_1_13_0,0.5128609975146043,1
0,420.0,0.971985,1900,241.93,0,1,417_1_15_0,0.5606866920786993,1
0,480.0,0.971985,1900,241.93,0,1,417_1_16_0,0.5581534677784299,1
0,510.0,0.971985,1900,241.93,0,1,417_1_161_0,0.6933692711876702,1
0,420.98360655737696,0.971985,1900,241.93,0,1,417_1_19_0,0.6356946520014999,1
0,420.0,0.971985,1900,241.93,0,1,417_1_199_0,0.8817535711569126,1
0,540.0,0.971985,1900,241.93,0,1,417_1_21_0,0.5954823257585112,1
0,420.0,0.971985,1900,241.93,0,1,417_1_28_0,0.6109325683189238,1
0,540.0,0.971985,1900,241.93,0,1,417_1_410_0,0.6606983012467437,1
0,644.8713550600344,0.971985,1900,241.93,0,1,417_1_417_0,0.6044613259070952,1
0,0.0,0.971985,1900,241.93,0,1,417_1_417_1,0.29650973177316164,0
0,420.0,0.971985,1900,241.93,0,1,417_1_421_0,0.41740118014426725,0
0,600.0,0.971985,1900,241.93,0,1,417_1_54_0,0.6455436564761319,1
0,581.0,0.971985,1900,241.93,0,1,417_1_73_0,0.6652363065514372,1
0,840.0,0.971985,1900,241.93,0,1,417_1_75_0,0.7583838732701904,1
0,540.4918032786885,0.971985,1900,241.93,0,1,417_1_81_0,0.6603662231916452,1
0,600.0,0.971985,1900,241.93,0,1,417_1_82_0,0.5168698450446874,1
0,478.2608695652174,0.971985,1900,241.93,0,1,417_1_83_0,0.6181030464780638,1
0,420.0,0.971985,1900,241.93,0,1,417_1_84_0,0.6221582297513774,1
0,420.0,0.971985,1900,241.93,0,1,417_1_98_0,0.586088659416939,1
0,540.0,0.971985,1900,241.93,0,1,417_1_99_0,0.613468863700557,1
0,0.0,0.971985,1900,241.93,0,1,42_0_42_0,0.29650973177316164,0
0,362.3728813559322,0.971985,1900,241.93,0,1,42_0_42_1,0.5809604125958832,1
0,0.0,0.971985,1900,241.93,0,1,421_0_421_0,0.29650973177316164,0
0,171.50602409638554,0.971985,1900,241.93,0,1,421_0_421_1,0.7474651205960476,1
0,439.68,0.971985,1900,241.93,0,1,421_1_13_0,0.7281782176921314,1
0,660.0,0.971985,1900,241.93,0,1,421_1_21_0,0.7138778394285226,1
0,660.0,0.971985,1900,241.93,0,1,421_1_3_0,0.6729660986758415,1
0,460.0,0.971985,1900,241.93,0,1,42_1_13_1,0.4823244083150529,0
0,420.0,0.971985,1900,241.93,0,1,421_1_4_1,0.7568362850289425,1
0,420.0,0.971985,1900,241.93,0,1,421_1_410_0,0.6770220777164025,1
0,720.0,0.971985,1900,241.93,0,1,421_1_428_0,0.7383894451213919,1
0,300.0,0.971985,1900,241.93,0,1,42_1_15_1,0.39540961239500594,0
0,449.6296296296296,0.971985,1900,241.93,0,1,421_1_76_0,0.6490533445659364,1
0,840.0,0.971985,1900,241.93,0,1,421_1_99_0,0.7241858796586871,1
0,348.85321100917434,0.971985,1900,241.93,0,1,42_1_31_0,0.7499252256937706,1
0,360.0,0.971985,1900,241.93,0,1,42_1_34_0,0.7522652546634349,1
0,840.0,0.971985,1900,241.93,0,1,42_1_38_1,0.750766848521146,1
0,511.8518518518519,0.971985,1900,241.93,0,1,42_1_41_1,0.6040935272847283,1
0,445.54323725055434,0.971985,1900,241.93,0,1,42_1_42_0,0.8108426500241023,1
0,300.0,0.971985,1900,241.93,0,1,42_1_43_1,0.6270291935016358,1
0,300.0,0.971985,1900,241.93,0,1,42_1_46_0,0.6257686065366694,1
0,441.12,0.971985,1900,241.93,0,1,42_1_47_0,0.34075186952655084,0
0,300.0,0.971985,1900,241.93,0,1,42_1_5_0,0.6460610312481341,1
0,480.0,0.971985,1900,241.93,0,1,42_1_60_0,0.5617610482404934,1
0,0.0,0.971985,1900,241.93,0,1,428_0_428_0,0.29650973177316164,0
0,187.289088863892,0.971985,1900,241.93,0,1,428_0_428_1,0.7846422690188133,1
0,480.0,0.971985,1900,241.93,0,1,428_1_120_0,0.6784190779969477,1
0,480.0,0.971985,1900,241.93,0,1,428_1_199_0,0.4858813038845187,0
0,357.0,0.971985,1900,241.93,0,1,428_1_21_0,0.7262392041503974,1
0,420.0,0.971985,1900,241.93,0,1,428_1_410_0,0.6428308514626752,1
0,499.8406374501992,0.971985,1900,241.93,0,1,428_1_428_0,0.616036667604439,1
0,480.0,0.971985,1900,241.93,0,1,428_1_54_0,0.5791500759071913,1
0,300.0,0.971985,1900,241.93,0,1,428_1_6_0,0.6461972259994366,1
0,420.4838709677419,0.971985,1900,241.93,0,1,428_1_71_0,0.7014366664821421,1
0,420.72289156626505,0.971985,1900,241.93,0,1,428_1_73_0,0.6766749147229149,1
0,562.5,0.971985,1900,241.93,0,1,428_1_74_0,0.6332136469595437,1
0,360.0,0.971985,1900,241.93,0,1,428_1_76_0,0.6463395610895579,1
0,360.0,0.971985,1900,241.93,0,1,428_1_81_0,0.5989183044204462,1
0,420.0,0.971985,1900,241.93,0,1,428_1_82_0,0.6838677120288587,1
0,530.0,0.971985,1900,241.93,0,1,428_1_84_0,0.6055947329152097,1
0,420.0,0.971985,1900,241.93,0,1,428_1_98_0,0.6295013697238704,1
0,420.0,0.971985,1900,241.93,0,1,43_1_13_1,0.6432429311032115,1
0,457.3770491803279,0.971985,1900,241.93,0,1,43_1_15_1,0.6286659744967605,1
0,600.0,0.971985,1900,241.93,0,1,43_1_34_0,0.7209968645904465,1
0,360.0,0.971985,1900,241.93,0,1,43_1_38_1,0.65975944387104,1
0,510.7246376811594,0.971985,1900,241.93,0,1,43_1_41_1,0.6828816114656384,1
0,300.0,0.971985,1900,241.93,0,1,43_1_42_0,0.6104543635908409,1
0,320.0,0.971985,1900,241.93,0,1,43_1_43_1,0.7801151464122688,1
0,420.0,0.971985,1900,241.93,0,1,43_1_44_0,0.6272687497860626,1
0,440.95238095238096,0.971985,1900,241.93,0,1,43_1_47_0,0.6263206357919151,1
0,586.1538461538462,0.971985,1900,241.93,0,1,43_1_5_0,0.5133101785927391,1
0,361.4634146341464,0.971985,1900,241.93,0,1,43_1_54_1,0.567973305966203,1
0,540.0,0.971985,1900,241.93,0,1,43_1_60_0,0.5954823257585112,1
0,0.0,0.971985,1900,241.93,0,1,44_0_44_0,0.29650973177316164,0
0,0.0,0.971985,1900,241.93,0,1,44_0_44_1,0.20357116743622466,0
0,480.0,0.971985,1900,241.93,0,1,44_1_13_1,0.5091783326960511,1
0,360.0,0.971985,1900,241.93,0,1,44_1_15_1,0.6026451847736649,1
0,384.42477876106193,0.971985,1900,241.93,0,1,44_1_31_0,0.6697041024324385,1
0,332.0,0.971985,1900,241.93,0,1,44_1_33_0,0.7989797476839559,1
0,360.75949367088606,0.971985,1900,241.93,0,1,44_1_38_1,0.664026596065971,1
0,300.0,0.971985,1900,241.93,0,1,44_1_42_0,0.7474947600574705,1
0,449.80132450331126,0.971985,1900,241.93,0,1,44_1_43_1,0.7713263210227037,1
0,677.7431906614786,0.971985,1900,241.93,0,1,44_1_44_0,0.9206054090115212,1
0,600.0,0.971985,1900,241.93,0,1,44_1_49_0,0.7241594001849233,1
0,360.0,0.971985,1900,241.93,0,1,44_1_5_0,0.5784905293413315,1
0,660.0,0.971985,1900,241.93,0,1,44_1_50_0,0.7311105927690777,1
0,360.0,0.971985,1900,241.93,0,1,44_1_60_0,0.7443882577888085,1
0,600.0,0.971985,1900,241.93,0,1,44_1_670_1,0.6176781754297536,1
0,600.0,0.971985,1900,241.93,0,1,442_1_125_0,0.6176781754297536,1
0,0.0,0.971985,1900,241.93,0,1,46_0_46_0,0.29650973177316164,0
0,0.0,0.971985,1900,241.93,0,1,46_0_46_1,0.5947870453795361,1
0,395.4820936639118,0.971985,1900,241.93,0,1,461_0_461_1,0.4547930165294552,0
0,600.0,0.971985,1900,241.93,0,1,461_0_462_1,0.6257353066508873,1
0,570.379746835443,0.971985,1900,241.93,0,1,461_1_461_0,0.7019980324011066,1
0,341.25,0.971985,1900,241.93,0,1,46_1_160_0,0.8726778288720349,1
0,720.0,0.971985,1900,241.93,0,1,461_1_61_0,0.8560863970499635,1
0,360.0,0.971985,1900,241.93,0,1,46_1_31_0,0.6528541572738841,1
0,300.0,0.971985,1900,241.93,0,1,46_1_34_0,0.6207662802743924,1
0,360.0,0.971985,1900,241.93,0,1,46_1_38_1,0.6339471132150152,1
0,469.4915254237288,0.971985,1900,241.93,0,1,46_1_46_0,0.7511737498028053,1
0,480.0,0.971985,1900,241.93,0,1,46_1_47_0,0.6652321277998549,1
0,480.0,0.971985,1900,241.93,0,1,46_1_49_0,0.6847271235223985,1
0,480.0,0.971985,1900,241.93,0,1,46_1_50_0,0.6744718142077598,1
0,420.0,0.971985,1900,241.93,0,1,462_0_462_1,0.6292611267985868,1
0,120.0,0.971985,1900,241.93,0,1,462_1_462_0,0.5382650541892422,1
0,420.0,0.971985,1900,241.93,0,1,47_0_132_0,0.6109325683189238,1
0,480.0,0.971985,1900,241.93,0,1,47_0_38_0,0.6057861210362117,1
0,0.0,0.971985,1900,241.93,0,1,47_0_47_0,0.29650973177316164,0
0,371.9440124416796,0.971985,1900,241.93,0,1,47_0_47_1,0.8175834503887358,1
0,480.0,0.971985,1900,241.93,0,1,47_1_13_1,0.4753755361838638,0
0,840.0,0.971985,1900,241.93,0,1,47_1_160_0,0.750766848521146,1
0,420.0,0.971985,1900,241.93,0,1,47_1_41_1,0.7186805269982114,1
0,480.0,0.971985,1900,241.93,0,1,47_1_42_0,0.557659805160792,1
0,597.0,0.971985,1900,241.93,0,1,47_1_43_1,0.6328109943243255,1
0,300.0,0.971985,1900,241.93,0,1,47_1_44_0,0.629454860601588,1
0,600.0,0.971985,1900,241.93,0,1,47_1_46_0,0.6964720446663986,1
0,489.3877551020408,0.971985,1900,241.93,0,1,47_1_47_0,0.7827602627469558,1
0,0.0,0.971985,1900,241.93,0,1,47_1_47_1,0.29650973177316164,0
0,528.8888888888889,0.971985,1900,241.93,0,1,47_1_49_0,0.5304173869820166,1
0,444.21052631578954,0.971985,1900,241.93,0,1,47_1_5_0,0.5265793502122676,1
0,600.0,0.971985,1900,241.93,0,1,47_1_50_0,0.6291845463211523,1
0,360.0,0.971985,1900,241.93,0,1,47_1_54_1,0.6752722219905254,1
0,360.0,0.971985,1900,241.93,0,1,47_1_60_0,0.6433091472580675,1
0,480.0,0.971985,1900,241.93,0,1,47_1_609_1,0.5476163660884925,1
0,333.2608695652174,0.971985,1900,241.93,0,1,47_1_6_1,0.6545528806735064,1
0,0.0,0.971985,1900,241.93,0,1,49_0_49_0,0.29650973177316164,0
0,0.0,0.971985,1900,241.93,0,1,49_0_49_1,0.219246842073173,0
0,360.0,0.971985,1900,241.93,0,1,49_1_15_1,0.6535073744886408,1
0,671.8181818181818,0.971985,1900,241.93,0,1,49_1_31_0,0.7387004243422758,1
0,660.0,0.971985,1900,241.93,0,1,49_1_33_0,0.7409022510452818,1
0,540.0,0.971985,1900,241.93,0,1,49_1_41_1,0.5954823257585112,1
0,481.5652173913043,0.971985,1900,241.93,0,1,49_1_42_0,0.6097066771260808,1
0,479.2207792207792,0.971985,1900,241.93,0,1,49_1_43_1,0.6937199381735585,1
0,300.0,0.971985,1900,241.93,0,1,49_1_46_0,0.7063160197939395,1
0,444.74226804123714,0.971985,1900,241.93,0,1,49_1_47_0,0.6521825670551219,1
0,507.75623268698064,0.971985,1900,241.93,0,1,49_1_49_0,0.6608744265394265,1
0,540.0,0.971985,1900,241.93,0,1,49_1_5_0,0.5859959026200088,1
0,780.0,0.971985,1900,241.93,0,1,49_1_60_0,0.7434329806661482,1
0,436.69172932330827,0.971985,1900,241.93,0,1,49_1_6_1,0.7726344220407306,1
0,0.0,0.971985,1900,241.93,0,1,50_0_50_0,0.29650973177316164,0
0,0.0,0.971985,1900,241.93,0,1,50_0_50_1,0.5593795513630966,1
0,720.0,0.971985,1900,241.93,0,1,501_0_50_0,0.7408705708709765,1
0,360.0,0.971985,1900,241.93,0,1,50_1_160_0,0.6450037553479531,1
0,540.0,0.971985,1900,241.93,0,1,50_1_33_0,0.6288269553014866,1
0,597.0873786407767,0.971985,1900,241.93,0,1,50_1_42_0,0.7317700142047282,1
0,619.4539249146758,0.971985,1900,241.93,0,1,50_1_44_0,0.7555556958748838,1
0,300.0,0.971985,1900,241.93,0,1,50_1_47_0,0.7824768010849296,1
0,300.0,0.971985,1900,241.93,0,1,50_1_59_0,0.692745476448219,1
0,300.0,0.971985,1900,241.93,0,1,50_1_670_1,0.629454860601588,1
0,0.0,0.971985,1900,241.93,0,1,5_0_5_0,0.29650973177316164,0
0,0.0,0.971985,1900,241.93,0,1,5_0_5_1,0.5275077123610251,1
0,0.0,0.971985,1900,241.93,0,1,506_0_506_0,0.29650973177316164,0
0,420.0,0.971985,1900,241.93,0,1,506_1_83_0,0.6109325683189238,1
0,446.15384615384613,0.971985,1900,241.93,0,1,5_1_13_1,0.6326771133732465,1
0,720.0,0.971985,1900,241.93,0,1,5_1_15_1,0.7452428445248162,1
0,300.0,0.971985,1900,241.93,0,1,5_1_160_0,0.7848364131381439,1
0,840.0,0.971985,1900,241.93,0,1,5_1_31_0,0.7532015914843216,1
0,346.66666666666663,0.971985,1900,241.93,0,1,5_1_38_1,0.7620851623910598,1
0,660.0,0.971985,1900,241.93,0,1,5_1_43_1,0.7432655240048553,1
0,823.404255319149,0.971985,1900,241.93,0,1,5_1_44_0,0.6949040887165947,1
0,300.0,0.971985,1900,241.93,0,1,5_1_47_0,0.6704172782353608,1
0,540.0,0.971985,1900,241.93,0,1,5_1_49_0,0.5954823257585112,1
0,477.77777777777777,0.971985,1900,241.93,0,1,5_1_5_0,0.5118572699870105,1
0,400.64516129032256,0.971985,1900,241.93,0,1,5_1_50_0,0.7372558698845828,1
0,0.0,0.971985,1900,241.93,0,1,5_1_5_1,0.29650973177316164,0
0,534.5901639344262,0.971985,1900,241.93,0,1,5_1_6_1,0.526290913846235,1
0,480.0,0.971985,1900,241.93,0,1,54_0_43_1,0.5604109911359074,1
0,399.5121951219512,0.971985,1900,241.93,0,1,54_0_47_0,0.6721960103607588,1
0,780.0,0.971985,1900,241.93,0,1,54_0_49_0,0.7434329806661482,1
0,0.0,0.971985,1900,241.93,0,1,54_0_54_0,0.29650973177316164,0
0,330.720887245841,0.971985,1900,241.93,0,1,54_0_54_1,0.5209869273777814,1
0,420.0,0.971985,1900,241.93,0,1,54_1_1_0,0.6352195226779269,1
0,480.0,0.971985,1900,241.93,0,1,54_1_125_0,0.5476163660884925,1
0,420.0,0.971985,1900,241.93,0,1,54_1_13_0,0.6265839136358651,1
0,344.2857142857143,0.971985,1900,241.93,0,1,54_1_20_0,0.6029527796745385,1
0,420.0,0.971985,1900,241.93,0,1,54_1_21_0,0.59357364239013,1
0,540.0,0.971985,1900,241.93,0,1,54_1_28_0,0.6310710797089791,1
0,300.0,0.971985,1900,241.93,0,1,54_1_29_0,0.6451978791528584,1
0,480.0,0.971985,1900,241.93,0,1,54_1_4_1,0.6017740797309006,1
0,300.0,0.971985,1900,241.93,0,1,54_1_417_0,0.6966494596828497,1
0,780.0,0.971985,1900,241.93,0,1,54_1_54_0,0.7252761275197822,1
0,0.0,0.971985,1900,241.93,0,1,54_1_54_1,0.29650973177316164,0
0,780.0,0.971985,1900,241.93,0,1,54_1_6_0,0.689710546668549,1
0,459.8360655737705,0.971985,1900,241.93,0,1,54_1_76_0,0.6583529000760759,1
0,420.0,0.971985,1900,241.93,0,1,54_1_82_0,0.4712843896944983,0
0,481.9672131147541,0.971985,1900,241.93,0,1,54_1_88_0,0.5892041051741551,1
0,420.0,0.971985,1900,241.93,0,1,542_0_42_0,0.6502499406611653,1
0,720.0,0.971985,1900,241.93,0,1,547_0_46_0,0.7341467183653219,1
0,210.5084745762712,0.971985,1900,241.93,0,1,55_0_55_1,0.45948760244849995,0
0,158.29787234042553,0.971985,1900,241.93,0,1,55_1_55_0,0.49580991466758867,0
0,480.0,0.971985,1900,241.93,0,1,554_1_20_0,0.5476163660884925,1
0,600.0,0.971985,1900,241.93,0,1,565_0_125_1,0.6176781754297536,1
0,0.0,0.971985,1900,241.93,0,1,59_0_59_0,0.29650973177316164,0
0,0.0,0.971985,1900,241.93,0,1,59_0_59_1,0.5778039296634212,1
0,360.0,0.971985,1900,241.93,0,1,59_1_30_1,0.6227102597366981,1
0,420.0,0.971985,1900,241.93,0,1,59_1_31_0,0.6109325683189238,1
0,360.0,0.971985,1900,241.93,0,1,59_1_33_0,0.6227102597366981,1
0,300.0,0.971985,1900,241.93,0,1,59_1_42_0,0.629454860601588,1
0,300.0,0.971985,1900,241.93,0,1,59_1_47_0,0.6461972259994366,1
0,660.0,0.971985,1900,241.93,0,1,59_1_50_0,0.6258985942836739,1
0,358.4210526315789,0.971985,1900,241.93,0,1,59_1_59_0,0.6282259774836931,1
0,0.0,0.971985,1900,241.93,0,1,60_0_60_0,0.29650973177316164,0
0,239.79475484606613,0.971985,1900,241.93,0,1,60_0_60_1,0.6033796176038821,1
0,316.8345323741007,0.971985,1900,241.93,0,1,60_1_13_1,0.6011184696077408,1
0,420.0,0.971985,1900,241.93,0,1,60_1_15_1,0.5342302686581885,1
0,300.0,0.971985,1900,241.93,0,1,60_1_30_1,0.5779231696697548,1
0,300.0,0.971985,1900,241.93,0,1,60_1_31_0,0.637937100305981,1
0,438.0,0.971985,1900,241.93,0,1,60_1_42_0,0.5947710326637051,1
0,360.0,0.971985,1900,241.93,0,1,60_1_43_1,0.6623193898390296,1
0,720.0,0.971985,1900,241.93,0,1,60_1_44_0,0.5738829032556335,1
0,360.0,0.971985,1900,241.93,0,1,60_1_49_0,0.6530410946895466,1
0,480.0,0.971985,1900,241.93,0,1,60_1_5_0,0.4255235440019271,0
0,420.0,0.971985,1900,241.93,0,1,60_1_50_0,0.7643399671242661,1
0,563.0769230769231,0.971985,1900,241.93,0,1,60_1_54_1,0.8006752364701301,1
0,300.0,0.971985,1900,241.93,0,1,6_0_160_0,0.6422840495296164,1
0,720.0,0.971985,1900,241.93,0,1,60_1_60_0,0.7525226585216352,1
0,420.0,0.971985,1900,241.93,0,1,6_0_30_1,0.6143159701661914,1
0,360.0,0.971985,1900,241.93,0,1,6_0_31_0,0.6771842339725315,1
0,420.0,0.971985,1900,241.93,0,1,6_0_38_1,0.5927406871615288,1
0,419.2592592592593,0.971985,1900,241.93,0,1,6_0_43_1,0.8649246729890537,1
0,400.1652892561984,0.971985,1900,241.93,0,1,6_0_47_0,0.8750580761911444,1
0,540.0,0.971985,1900,241.93,0,1,6_0_5_0,0.27157887020200344,0
0,0.0,0.971985,1900,241.93,0,1,605_0_605_0,0.29650973177316164,0
0,0.0,0.971985,1900,241.93,0,1,6_0_6_0,0.29650973177316164,0
0,430.0,0.971985,1900,241.93,0,1,6_0_6_1,0.6906064090849109,1
0,420.0,0.971985,1900,241.93,0,1,607_0_14_0,0.6109325683189238,1
0,480.0,0.971985,1900,241.93,0,1,607_0_501_0,0.5476163660884925,1
0,420.0,0.971985,1900,241.93,0,1,608_1_15_0,0.6864810831831527,1
0,420.0,0.971985,1900,241.93,0,1,609_0_34_0,0.6881154987373962,1
0,0.0,0.971985,1900,241.93,0,1,61_0_61_0,0.29650973177316164,0
0,0.0,0.971985,1900,241.93,0,1,61_0_61_1,0.22804862853682306,0
0,660.0,0.971985,1900,241.93,0,1,6_1_120_0,0.7130858800536366,1
0,542.1428571428571,0.971985,1900,241.93,0,1,6_1_123_0,0.6378536049286483,1
0,360.0,0.971985,1900,241.93,0,1,6_1_125_0,0.6228776924552386,1
0,480.0,0.971985,1900,241.93,0,1,6_1_128_0,0.5476163660884925,1
0,780.0,0.971985,1900,241.93,0,1,6_1_13_0,0.7404056978547218,1
0,420.0,0.971985,1900,241.93,0,1,6_1_14_0,0.6793622290666526,1
0,489.5397489539749,0.971985,1900,241.93,0,1,61_1_461_0,0.28913176016494274,0
0,300.0,0.971985,1900,241.93,0,1,6_1_15_0,0.5861366359200455,1
0,512.5,0.971985,1900,241.93,0,1,61_1_61_0,0.45770336682244556,0
0,0.0,0.971985,1900,241.93,0,1,61_1_61_1,0.29650973177316164,0
0,540.0,0.971985,1900,241.93,0,1,6_1_20_0,0.605703385109167,1
0,320.3225806451613,0.971985,1900,241.93,0,1,6_1_21_0,0.6411228889136582,1
0,420.0,0.971985,1900,241.93,0,1,6_1_25_0,0.6109325683189238,1
0,508.9156626506024,0.971985,1900,241.93,0,1,6_1_29_0,0.7445531370508137,1
0,540.0,0.971985,1900,241.93,0,1,6_1_3_0,0.65208808767732,1
0,780.0,0.971985,1900,241.93,0,1,613_0_41_1,0.6794840085912222,1
0,840.0,0.971985,1900,241.93,0,1,613_0_49_0,0.750766848521146,1
0,480.0,0.971985,1900,241.93,0,1,6_1_410_0,0.6159950035639711,1
0,385.41871921182263,0.971985,1900,241.93,0,1,6_1_54_0,0.5227493479378135,1
0,0.0,0.971985,1900,241.93,0,1,6_1_6_1,0.29650973177316164,0
0,780.0,0.971985,1900,241.93,0,1,6_1_71_0,0.7434329806661482,1
0,480.0,0.971985,1900,241.93,0,1,6_1_74_0,0.619088425649109,1
0,694.6153846153846,0.971985,1900,241.93,0,1,6_1_76_0,0.6944323621934484,1
0,660.0,0.971985,1900,241.93,0,1,6_1_88_0,0.7098407651896173,1
0,480.0,0.971985,1900,241.93,0,1,620_0_13_0,0.5476163660884925,1
0,480.0,0.971985,1900,241.93,0,1,624_0_99_0,0.5476163660884925,1
0,0.0,0.971985,1900,241.93,0,1,640_0_640_0,0.29650973177316164,0
0,840.0,0.971985,1900,241.93,0,1,650_0_442_0,0.9199374507809511,1
0,0.0,0.971985,1900,241.93,0,1,660_0_660_0,0.29650973177316164,0
0,0.0,0.971985,1900,241.93,0,1,664_0_664_0,0.29650973177316164,0
0,300.0,0.971985,1900,241.93,0,1,670_0_41_1,0.6481609019579156,1
0,660.0,0.971985,1900,241.93,0,1,670_0_44_0,0.7116224646745933,1
0,660.0,0.971985,1900,241.93,0,1,674_0_59_0,0.7807507823276955,1
0,0.0,0.971985,1900,241.93,0,1,693_0_693_0,0.29650973177316164,0
0,0.0,0.971985,1900,241.93,0,1,71_0_71_0,0.29650973177316164,0
0,0.0,0.971985,1900,241.93,0,1,71_0_71_1,0.2314410772230508,0
0,358.5,0.971985,1900,241.93,0,1,71_1_161_0,0.8995237952947415,1
0,360.0,0.971985,1900,241.93,0,1,71_1_19_0,0.5733319018117375,1
0,420.0,0.971985,1900,241.93,0,1,71_1_20_0,0.8543475469670021,1
0,420.0,0.971985,1900,241.93,0,1,71_1_21_0,0.5231952892923805,1
0,480.0,0.971985,1900,241.93,0,1,71_1_25_0,0.5295963216588321,1
0,300.0,0.971985,1900,241.93,0,1,71_1_410_0,0.647629001084961,1
0,612.5153374233129,0.971985,1900,241.93,0,1,71_1_417_0,0.596111299652851,1
0,540.983606557377,0.971985,1900,241.93,0,1,71_1_54_0,0.6381896191787422,1
0,718.5542168674698,0.971985,1900,241.93,0,1,71_1_71_0,0.8963497050399652,1
0,0.0,0.971985,1900,241.93,0,1,71_1_71_1,0.29650973177316164,0
0,450.36144578313247,0.971985,1900,241.93,0,1,71_1_73_0,0.44403433089340194,0
0,568.8888888888889,0.971985,1900,241.93,0,1,71_1_75_0,0.5963042342113871,1
0,420.0,0.971985,1900,241.93,0,1,71_1_8_0,0.6109325683189238,1
0,540.0,0.971985,1900,241.93,0,1,71_1_81_0,0.6313687513529886,1
0,480.0,0.971985,1900,241.93,0,1,71_1_83_0,0.6292131511490675,1
0,420.0,0.971985,1900,241.93,0,1,71_1_84_0,0.6109325683189238,1
0,720.0,0.971985,1900,241.93,0,1,720_0_720_1,0.7341467183653219,1
0,120.0,0.971985,1900,241.93,0,1,720_1_720_0,0.5295394833836764,1
0,0.0,0.971985,1900,241.93,0,1,721_0_721_0,0.29650973177316164,0
0,660.0,0.971985,1900,241.93,0,1,721_0_721_1,0.7116224646745933,1
0,300.0,0.971985,1900,241.93,0,1,721_1_721_0,0.629454860601588,1
0,600.0,0.971985,1900,241.93,0,1,722_0_722_1,0.6176781754297536,1
0,300.0,0.971985,1900,241.93,0,1,722_1_722_0,0.629454860601588,1
0,0.0,0.971985,1900,241.93,0,1,73_0_73_0,0.29650973177316164,0
0,133.63914373088684,0.971985,1900,241.93,0,1,73_0_73_1,0.31765637238931543,0
0,781.1180124223602,0.971985,1900,241.93,0,1,73_0_77_0,0.5515614859583553,1
0,420.5084745762712,0.971985,1900,241.93,0,1,73_1_1_0,0.5948309786598146,1
0,420.0,0.971985,1900,241.93,0,1,73_1_120_0,0.7398440386361689,1
0,449.6385542168674,0.971985,1900,241.93,0,1,73_1_13_0,0.5619372023896883,1
0,438.6554621848739,0.971985,1900,241.93,0,1,73_1_14_0,0.5872673093169496,1
0,420.0,0.971985,1900,241.93,0,1,73_1_15_0,0.6158272608459847,1
0,540.0,0.971985,1900,241.93,0,1,73_1_16_0,0.5887160722501467,1
0,419.24050632911394,0.971985,1900,241.93,0,1,73_1_19_0,0.5508798176565285,1
0,420.0,0.971985,1900,241.93,0,1,73_1_20_0,0.6155303834869755,1
0,780.0,0.971985,1900,241.93,0,1,73_1_21_0,0.7271147635401414,1
0,540.0,0.971985,1900,241.93,0,1,73_1_23_0,0.6207961774637372,1
0,480.0,0.971985,1900,241.93,0,1,73_1_25_0,0.3875649588496316,0
0,539.5081967213115,0.971985,1900,241.93,0,1,73_1_410_0,0.6667159083222703,1
0,479.0322580645161,0.971985,1900,241.93,0,1,73_1_428_0,0.510398017679301,1
0,360.0,0.971985,1900,241.93,0,1,73_1_554_0,0.6227102597366981,1
0,488.2758620689655,0.971985,1900,241.93,0,1,73_1_6_0,0.5382832433703995,1
0,559.8305084745763,0.971985,1900,241.93,0,1,73_1_71_0,0.6546266429742301,1
0,470.05025125628146,0.971985,1900,241.93,0,1,73_1_73_0,0.2288720396404498,0
0,0.0,0.971985,1900,241.93,0,1,73_1_73_1,0.29650973177316164,0
0,360.0,0.971985,1900,241.93,0,1,73_1_74_0,0.6044249385524125,1
0,631.1392405063291,0.971985,1900,241.93,0,1,73_1_75_0,0.7124463381642733,1
0,540.0,0.971985,1900,241.93,0,1,73_1_76_0,0.7222721772037274,1
0,540.0,0.971985,1900,241.93,0,1,73_1_8_0,0.5954823257585112,1
0,540.0,0.971985,1900,241.93,0,1,73_1_84_0,0.6100259741615817,1
0,555.2380952380952,0.971985,1900,241.93,0,1,73_1_88_0,0.2631870433250701,0
0,480.0,0.971985,1900,241.93,0,1,73_1_9_0,0.5691636813284967,1
0,0.0,0.971985,1900,241.93,0,1,74_0_74_0,0.29650973177316164,0
0,0.0,0.971985,1900,241.93,0,1,74_0_74_1,0.2568320174641026,0
0,600.0,0.971985,1900,241.93,0,1,74_1_15_0,0.622353075155303,1
0,420.0,0.971985,1900,241.93,0,1,74_1_16_0,0.5664206490069383,1
0,540.0,0.971985,1900,241.93,0,1,74_1_19_0,0.6216859204256099,1
0,840.0,0.971985,1900,241.93,0,1,74_1_21_0,0.7540713101311101,1
0,300.0,0.971985,1900,241.93,0,1,74_1_28_0,0.6399387051375802,1
0,637.8947368421053,0.971985,1900,241.93,0,1,74_1_3_0,0.6846271107390441,1
0,660.0,0.971985,1900,241.93,0,1,74_1_417_0,0.7116224646745933,1
0,518.0,0.971985,1900,241.93,0,1,74_1_73_0,0.8359510866038645,1
0,640.0,0.971985,1900,241.93,0,1,74_1_74_0,0.5678075721149195,1
0,0.0,0.971985,1900,241.93,0,1,74_1_74_1,0.29650973177316164,0
0,480.0,0.971985,1900,241.93,0,1,74_1_75_0,0.42240848864302966,0
0,660.0,0.971985,1900,241.93,0,1,74_1_81_0,0.7202718413135756,1
0,420.0,0.971985,1900,241.93,0,1,74_1_83_0,0.5071836443203893,1
0,480.0,0.971985,1900,241.93,0,1,74_1_98_0,0.5269906673665314,1
0,0.0,0.971985,1900,241.93,0,1,75_0_75_0,0.29650973177316164,0
0,0.0,0.971985,1900,241.93,0,1,75_0_75_1,0.43668924062643427,0
0,300.0,0.971985,1900,241.93,0,1,75_1_1_0,0.6818372755472741,1
0,480.0,0.971985,1900,241.93,0,1,75_1_120_0,0.5311542662208483,1
0,626.7032967032967,0.971985,1900,241.93,0,1,75_1_123_0,0.6013220616457128,1
0,360.0,0.971985,1900,241.93,0,1,75_1_185_0,0.650025312831273,1
0,420.0,0.971985,1900,241.93,0,1,75_1_20_0,0.6417310131980096,1
0,420.0,0.971985,1900,241.93,0,1,75_1_25_0,0.6109325683189238,1
0,780.0,0.971985,1900,241.93,0,1,75_1_410_0,0.7434329806661482,1
0,780.0,0.971985,1900,241.93,0,1,75_1_73_0,0.7378476758738889,1
0,480.0,0.971985,1900,241.93,0,1,75_1_80_0,0.5450149739975231,1
0,630.4761904761905,0.971985,1900,241.93,0,1,75_1_83_0,0.7182462573221953,1
0,780.0,0.971985,1900,241.93,0,1,75_1_99_0,0.7563723673079605,1
0,0.0,0.971985,1900,241.93,0,1,76_0_76_0,0.29650973177316164,0
0,0.0,0.971985,1900,241.93,0,1,76_0_76_1,0.2734229395819439,0
0,449.5440729483282,0.971985,1900,241.93,0,1,76_1_1_0,0.6838557551603945,1
0,420.0,0.971985,1900,241.93,0,1,76_1_13_0,0.6375671235412107,1
0,660.0,0.971985,1900,241.93,0,1,76_1_15_0,0.7940259368091177,1
0,420.0,0.971985,1900,241.93,0,1,76_1_161_0,0.6109325683189238,1
0,540.0,0.971985,1900,241.93,0,1,76_1_19_0,0.5746621262356805,1
0,378.6206896551724,0.971985,1900,241.93,0,1,76_1_20_0,0.5343030974246973,1
0,420.0,0.971985,1900,241.93,0,1,76_1_21_0,0.5023199295609874,1
0,480.0,0.971985,1900,241.93,0,1,76_1_28_0,0.5870622671861222,1
0,480.0,0.971985,1900,241.93,0,1,76_1_4_1,0.6853911205806956,1
0,480.0,0.971985,1900,241.93,0,1,76_1_410_0,0.6029240716442874,1
0,420.0,0.971985,1900,241.93,0,1,76_1_428_0,0.4460439121163182,0
0,649.4366197183099,0.971985,1900,241.93,0,1,76_1_6_0,0.5250713799327705,1
0,360.9677419354839,0.971985,1900,241.93,0,1,76_1_73_0,0.6832123290761326,1
0,396.0680529300567,0.971985,1900,241.93,0,1,76_1_76_0,0.7767236730815404,1
0,0.0,0.971985,1900,241.93,0,1,76_1_76_1,0.29650973177316164,0
0,420.0,0.971985,1900,241.93,0,1,76_1_88_0,0.6940365672113878,1
0,0.0,0.971985,1900,241.93,0,1,77_0_77_0,0.29650973177316164,0
0,182.2253324002799,0.971985,1900,241.93,0,1,77_0_77_1,0.726696142363841,1
0,840.0,0.971985,1900,241.93,0,1,77_1_73_1,0.750766848521146,1
0,419.539641943734,0.971985,1900,241.93,0,1,77_1_77_0,0.644147105186256,1
0,0.0,0.971985,1900,241.93,0,1,77_1_77_1,0.3499453176203859,0
0,0.0,0.971985,1900,241.93,0,1,78_0_78_0,0.29650973177316164,0
0,54.73087818696884,0.971985,1900,241.93,0,1,78_0_78_1,0.28806643779224383,0
0,480.0,0.971985,1900,241.93,0,1,78_1_1_0,0.6588602115253442,1
0,420.0,0.971985,1900,241.93,0,1,78_1_125_0,0.6163972380908647,1
0,420.0,0.971985,1900,241.93,0,1,78_1_19_0,0.5000843465919518,1
0,420.0,0.971985,1900,241.93,0,1,78_1_20_0,0.6373268697925893,1
0,600.0,0.971985,1900,241.93,0,1,78_1_28_0,0.6176781754297536,1
0,360.0,0.971985,1900,241.93,0,1,78_1_4_1,0.6227102597366981,1
0,540.0,0.971985,1900,241.93,0,1,78_1_410_0,0.6195526069209857,1
0,420.0,0.971985,1900,241.93,0,1,78_1_71_0,0.7789531071934896,1
0,678.0,0.971985,1900,241.93,0,1,78_1_78_0,0.36669328157842307,0
0,660.0,0.971985,1900,241.93,0,1,78_1_83_0,0.74319724134075,1
0,0.0,0.971985,1900,241.93,0,1,80_0_80_0,0.29650973177316164,0
0,98.37209302325581,0.971985,1900,241.93,0,1,80_0_80_1,0.3139821336560882,0
0,540.0,0.971985,1900,241.93,0,1,80_1_13_0,0.5805515753168785,1
0,420.0,0.971985,1900,241.93,0,1,80_1_14_0,0.8983557214393073,1
0,420.0,0.971985,1900,241.93,0,1,80_1_15_0,0.6111241946264502,1
0,420.0,0.971985,1900,241.93,0,1,80_1_19_0,0.5977993328829114,1
0,540.0,0.971985,1900,241.93,0,1,80_1_4_1,0.5914426627591169,1
0,360.0,0.971985,1900,241.93,0,1,80_1_54_0,0.6595110998590259,1
0,480.0,0.971985,1900,241.93,0,1,80_1_74_0,0.566411410743341,1
0,487.2,0.971985,1900,241.93,0,1,80_1_76_0,0.6003226408363086,1
0,572.7522935779817,0.971985,1900,241.93,0,1,80_1_80_0,0.5588953671470773,1
0,0.0,0.971985,1900,241.93,0,1,80_1_80_1,0.29650973177316164,0
0,0.0,0.971985,1900,241.93,0,1,8_0_8_0,0.2977086815332196,0
0,384.3932411674347,0.971985,1900,241.93,0,1,8_0_8_1,0.2871313752968894,0
0,0.0,0.971985,1900,241.93,0,1,81_0_81_0,0.29650973177316164,0
0,0.0,0.971985,1900,241.93,0,1,81_0_81_1,0.4167124044670555,0
0,420.0,0.971985,1900,241.93,0,1,8_1_1_0,0.6106255939106222,1
0,662.9268292682927,0.971985,1900,241.93,0,1,81_1_123_0,0.6152586800108292,1
0,360.0,0.971985,1900,241.93,0,1,81_1_13_0,0.5456941854102046,1
0,540.0,0.971985,1900,241.93,0,1,81_1_180_0,0.515844892208555,1
0,480.0,0.971985,1900,241.93,0,1,81_1_19_0,0.5280097736418148,1
0,420.0,0.971985,1900,241.93,0,1,81_1_20_0,0.46695342986471944,0
0,480.0,0.971985,1900,241.93,0,1,8_1_13_0,0.5476163660884925,1
0,660.0,0.971985,1900,241.93,0,1,81_1_4_1,0.720907566717313,1
0,479.2561983471074,0.971985,1900,241.93,0,1,81_1_410_0,0.7977326802826283,1
0,541.0084033613444,0.971985,1900,241.93,0,1,81_1_417_0,0.7011040790634756,1
0,420.0,0.971985,1900,241.93,0,1,8_1_16_0,0.6111241946264502,1
0,749.6385542168673,0.971985,1900,241.93,0,1,81_1_73_0,0.829569267173428,1
0,600.0,0.971985,1900,241.93,0,1,81_1_78_0,0.5878049653409159,1
0,360.0,0.971985,1900,241.93,0,1,81_1_88_0,0.5652391750320407,1
0,540.0,0.971985,1900,241.93,0,1,81_1_98_0,0.5764056202387595,1
0,658.0645161290322,0.971985,1900,241.93,0,1,81_1_99_0,0.6992131639259996,1
0,480.0,0.971985,1900,241.93,0,1,8_1_20_0,0.5279578177183002,1
0,443.6363636363636,0.971985,1900,241.93,0,1,8_1_28_0,0.4562692207557822,0
0,417.93103448275855,0.971985,1900,241.93,0,1,8_1_29_0,0.5620699008553073,1
0,420.0,0.971985,1900,241.93,0,1,8_1_4_1,0.6109325683189238,1
0,840.0,0.971985,1900,241.93,0,1,8_1_76_0,0.750766848521146,1
0,513.2129963898917,0.971985,1900,241.93,0,1,8_1_8_0,0.3992126779502256,0
0,580.8955223880597,0.971985,1900,241.93,0,1,8_1_88_0,0.4597622940928596,0
0,0.0,0.971985,1900,241.93,0,1,82_0_82_0,0.29650973177316164,0
0,0.0,0.971985,1900,241.93,0,1,82_0_82_1,0.10935939595416716,0
0,420.0,0.971985,1900,241.93,0,1,82_1_123_0,0.6109325683189238,1
0,540.0,0.971985,1900,241.93,0,1,82_1_199_0,0.5954823257585112,1
0,420.0,0.971985,1900,241.93,0,1,82_1_428_0,0.5998356680861224,1
0,480.0,0.971985,1900,241.93,0,1,82_1_54_0,0.5476163660884925,1
0,480.0,0.971985,1900,241.93,0,1,82_1_71_0,0.5860572570941947,1
0,360.0,0.971985,1900,241.93,0,1,82_1_73_0,0.6227102597366981,1
0,529.090909090909,0.971985,1900,241.93,0,1,82_1_82_0,0.5592098159646022,1
0,0.0,0.971985,1900,241.93,0,1,83_0_83_0,0.29650973177316164,0
0,0.0,0.971985,1900,241.93,0,1,83_0_83_1,0.11930249655801742,0
0,300.0,0.971985,1900,241.93,0,1,83_1_16_0,0.6429379338649821,1
0,420.0,0.971985,1900,241.93,0,1,83_1_161_0,0.4693867894221021,0
0,510.75,0.971985,1900,241.93,0,1,83_1_19_0,0.618731475630026,1
0,360.0,0.971985,1900,241.93,0,1,83_1_20_0,0.5521803249515976,1
0,360.0,0.971985,1900,241.93,0,1,83_1_29_0,0.7265108312672659,1
0,420.0,0.971985,1900,241.93,0,1,83_1_417_0,0.5914782954224053,1
0,541.4814814814815,0.971985,1900,241.93,0,1,83_1_428_0,0.4416452254749439,0
0,420.0,0.971985,1900,241.93,0,1,83_1_54_0,0.6109325683189238,1
0,389.6296296296296,0.971985,1900,241.93,0,1,83_1_73_0,0.44428539448196136,0
0,540.0,0.971985,1900,241.93,0,1,83_1_74_0,0.44412792658175365,0
0,390.0,0.971985,1900,241.93,0,1,83_1_75_0,0.5055477613337911,1
0,720.0,0.971985,1900,241.93,0,1,83_1_81_0,0.7925801379764876,1
0,380.43668122270736,0.971985,1900,241.93,0,1,83_1_83_0,0.4941255725132798,0
0,0.0,0.971985,1900,241.93,0,1,83_1_83_1,0.29650973177316164,0
0,420.0,0.971985,1900,241.93,0,1,83_1_88_0,0.6369252692365405,1
0,300.0,0.971985,1900,241.93,0,1,83_1_99_0,0.5819170591236256,1
0,0.0,0.971985,1900,241.93,0,1,84_0_84_0,0.29650973177316164,0
0,0.0,0.971985,1900,241.93,0,1,84_0_84_1,0.12608450010076844,0
0,420.0,0.971985,1900,241.93,0,1,84_1_123_0,0.408773851829579,0
0,600.0,0.971985,1900,241.93,0,1,84_1_128_0,0.6237101308523799,1
0,600.0,0.971985,1900,241.93,0,1,84_1_14_0,0.4902685168440157,0
0,420.0,0.971985,1900,241.93,0,1,84_1_15_0,0.6159663523676563,1
0,660.0,0.971985,1900,241.93,0,1,84_1_16_0,0.7641834548650037,1
0,420.0,0.971985,1900,241.93,0,1,84_1_161_0,0.789470245682661,1
0,480.0,0.971985,1900,241.93,0,1,84_1_180_0,0.5798632504053186,1
0,420.0,0.971985,1900,241.93,0,1,84_1_185_0,0.6185484169116098,1
0,357.6623376623377,0.971985,1900,241.93,0,1,84_1_20_0,0.5216566000054501,1
0,390.0,0.971985,1900,241.93,0,1,84_1_25_0,0.6797458379903525,1
0,420.0,0.971985,1900,241.93,0,1,84_1_3_0,0.6043934860239124,1
0,300.0,0.971985,1900,241.93,0,1,84_1_4_1,0.7991650909785432,1
0,600.0,0.971985,1900,241.93,0,1,84_1_71_0,0.6645439158642353,1
0,390.0,0.971985,1900,241.93,0,1,84_1_73_0,0.8006847894038974,1
0,360.0,0.971985,1900,241.93,0,1,84_1_8_0,0.641414126302347,1
0,462.12765957446805,0.971985,1900,241.93,0,1,84_1_83_0,0.4730497027929463,0
0,374.5945945945946,0.971985,1900,241.93,0,1,84_1_84_0,0.5195904784218669,1
0,420.0,0.971985,1900,241.93,0,1,84_1_98_0,0.6069437955070953,1
0,120.0,0.971985,1900,241.93,0,1,85_0_185_1,0.4191382041016717,0
0,420.0,0.971985,1900,241.93,0,1,85_1_21_0,0.6416209614288998,1
0,420.0,0.971985,1900,241.93,0,1,85_1_6_0,0.5989573555555489,1
0,0.0,0.971985,1900,241.93,0,1,88_0_88_0,0.29650973177316164,0
0,544.5812807881773,0.971985,1900,241.93,0,1,88_0_88_1,0.50625009706716,1
0,300.0,0.971985,1900,241.93,0,1,88_1_1_0,0.626087730140033,1
0,420.0,0.971985,1900,241.93,0,1,88_1_161_0,0.6592868091509856,1
0,660.0,0.971985,1900,241.93,0,1,88_1_21_0,0.7141940028045606,1
0,496.0509554140127,0.971985,1900,241.93,0,1,88_1_28_0,0.12725490094536543,0
0,480.0,0.971985,1900,241.93,0,1,88_1_29_0,0.5246792364810711,1
0,480.0,0.971985,1900,241.93,0,1,88_1_3_0,0.4915402152718067,0
0,420.0,0.971985,1900,241.93,0,1,88_1_71_0,0.6174540555720329,1
0,608.8471849865952,0.971985,1900,241.93,0,1,88_1_8_0,0.4514140292098031,0
0,525.0319829424308,0.971985,1900,241.93,0,1,88_1_88_0,0.4522310195085996,0
0,0.0,0.971985,1900,241.93,0,1,9_0_9_1,0.4130907983960362,0
0,720.0,0.971985,1900,241.93,0,1,9_1_25_0,0.7536694264260222,1
0,480.0,0.971985,1900,241.93,0,1,9_1_417_0,0.5476163660884925,1
0,420.0,0.971985,1900,241.93,0,1,9_1_73_0,0.6109325683189238,1
0,600.0,0.971985,1900,241.93,0,1,9_1_80_0,0.6184136048546297,1
0,480.0,0.971985,1900,241.93,0,1,9_1_83_0,0.7458503582333603,1
0,420.0,0.971985,1900,241.93,0,1,9_1_84_0,0.6109325683189238,1
0,540.0,0.971985,1900,241.93,0,1,9_1_9_0,0.6017831525685367,1
0,0.0,0.971985,1900,241.93,0,1,9_1_9_1,0.29650973177316164,0
0,570.3703703703704,0.971985,1900,241.93,0,1,93_1_93_1,0.5990941731128784,1
0,540.0,0.971985,1900,241.93,0,1,98_0_192_1,0.5883629453125437,1
0,0.0,0.971985,1900,241.93,0,1,98_0_98_0,0.29650973177316164,0
0,420.0,0.971985,1900,241.93,0,1,98_1_180_0,0.5226003805267756,1
0,480.0,0.971985,1900,241.93,0,1,98_1_29_0,0.6368405346747921,1
0,420.0,0.971985,1900,241.93,0,1,98_1_78_0,0.5417706501132769,1
0,480.0,0.971985,1900,241.93,0,1,98_1_80_0,0.6389818290714058,1
0,360.0,0.971985,1900,241.93,0,1,98_1_81_0,0.620001837768631,1
0,450.7317073170732,0.971985,1900,241.93,0,1,98_1_9_0,0.6496736791942667,1
0,0.0,0.971985,1900,241.93,0,1,99_0_99_0,0.29650973177316164,0
0,0.0,0.971985,1900,241.93,0,1,99_0_99_1,0.44355385830853844,0
0,420.0,0.971985,1900,241.93,0,1,99_1_120_0,0.46521327153434217,0
0,480.0,0.971985,1900,241.93,0,1,99_1_125_0,0.5476163660884925,1
0,660.0,0.971985,1900,241.93,0,1,99_1_14_0,0.6884366245471676,1
0,456.30252100840335,0.971985,1900,241.93,0,1,99_1_16_0,0.20177151549268516,0
0,540.0,0.971985,1900,241.93,0,1,99_1_161_0,0.5954823257585112,1
0,459.344262295082,0.971985,1900,241.93,0,1,99_1_23_0,0.5564674020785124,1
0,780.0,0.971985,1900,241.93,0,1,99_1_28_0,0.7434329806661482,1
0,420.0,0.971985,1900,241.93,0,1,99_1_3_0,0.3778019128012684,0
0,359.25925925925924,0.971985,1900,241.93,0,1,99_1_410_0,0.7135594390429029,1
0,720.0,0.971985,1900,241.93,0,1,99_1_501_0,0.7566853631512489,1
0,480.0,0.971985,1900,241.93,0,1,99_1_73_0,0.6340614390513998,1
0,480.0,0.971985,1900,241.93,0,1,99_1_78_0,0.5624895713071546,1
0,480.0,0.971985,1900,241.93,0,1,99_1_84_0,0.5476163660884925,1
0,568.8888888888889,0.971985,1900,241.93,0,1,99_1_99_0,0.6908771312127898,1
