route_pair,prob,class
28_1_6_0,0.185236,0
720_0_720_1,0.193005,0
98_1_78_0,0.198545,0
82_0_82_1,0.206046,0
84_0_84_1,0.210279,0
554_1_20_0,0.218757,0
55_0_55_1,0.225657,0
54_1_82_0,0.227278,0
170_1_170_0,0.232003,0
16_1_99_0,0.232962,0
123_1_81_0,0.238759,0
123_1_82_0,0.240407,0
19_1_28_0,0.243606,0
88_1_28_0,0.243831,0
132_0_88_1,0.245049,0
3_1_3_1,0.245467,0
60_1_30_1,0.249956,0
38_0_5_0,0.250601,0
29_1_98_0,0.250966,0
16_1_75_0,0.252147,0
123_1_54_0,0.252239,0
73_1_88_0,0.252424,0
161_1_185_0,0.252533,0
55_1_55_0,0.252916,0
44_0_44_0,0.253700,0
421_1_3_0,0.254664,0
83_1_83_1,0.258769,0
417_1_417_1,0.258992,0
14_1_99_0,0.260286,0
82_1_54_0,0.261322,0
123_1_75_0,0.265977,0
19_1_180_0,0.270131,0
506_0_506_0,0.270660,0
170_0_170_0,0.271824,0
61_0_61_0,0.272024,0
123_1_161_0,0.273595,0
28_1_28_0,0.275159,0
76_1_20_0,0.276140,0
83_1_74_0,0.278243,0
80_1_80_1,0.280126,0
78_0_78_0,0.280828,0
125_0_125_0,0.280984,0
6_0_5_0,0.282188,0
19_1_20_0,0.283222,0
84_0_84_0,0.283368,0
99_1_120_0,0.284393,0
47_1_13_1,0.284501,0
76_1_428_0,0.284729,0
16_1_80_0,0.285685,0
82_1_73_0,0.287541,0
74_1_75_0,0.288244,0
161_1_123_0,0.290300,0
29_1_14_0,0.290426,0
81_1_88_0,0.291514,0
42_1_15_1,0.291777,0
125_1_120_0,0.291826,0
85_0_185_1,0.292590,0
25_1_417_0,0.293315,0
123_1_120_0,0.294195,0
81_1_78_0,0.294353,0
84_1_180_0,0.294978,0
73_1_74_0,0.295214,0
38_0_49_0,0.295965,0
6_1_6_1,0.296283,0
4_1_192_0,0.297029,0
25_1_78_0,0.298079,0
3_1_185_0,0.299742,0
99_0_99_0,0.300536,0
16_0_16_0,0.300888,0
721_1_721_0,0.301147,0
428_1_199_0,0.301540,0
71_1_71_1,0.302054,0
34_1_34_0,0.302261,0
98_1_180_0,0.302604,0
81_1_13_0,0.304990,0
59_0_59_0,0.305481,0
81_1_20_0,0.305639,0
3_1_75_0,0.307830,0
620_0_13_0,0.307916,0
46_1_34_0,0.308189,0
83_1_20_0,0.308506,0
44_1_13_1,0.309326,0
14_1_88_0,0.309427,0
4_0_20_0,0.310476,0
30_1_30_1,0.310715,0
61_1_461_0,0.310929,0
421_0_421_0,0.311025,0
34_1_34_1,0.311610,0
613_0_49_0,0.313840,0
33_1_50_0,0.314128,0
83_0_83_1,0.314233,0
14_1_13_0,0.314380,0
82_1_199_0,0.315170,0
29_1_607_1,0.315643,0
123_1_3_0,0.315801,0
428_0_428_0,0.315842,0
80_0_80_0,0.316669,0
5_1_15_1,0.317165,0
60_1_5_0,0.317279,0
192_0_428_1,0.317589,0
82_1_123_0,0.319840,0
73_1_75_0,0.320808,0
73_0_73_0,0.321286,0
160_1_43_1,0.322309,0
78_1_78_0,0.322410,0
8_1_29_0,0.322446,0
75_1_80_0,0.322596,0
417_1_98_0,0.322597,0
25_0_25_0,0.322695,0
19_1_3_0,0.323766,0
88_1_3_0,0.324137,0
8_1_88_0,0.325161,0
78_1_20_0,0.325506,0
13_0_30_1,0.325710,0
60_1_15_1,0.326655,0
75_1_120_0,0.326744,0
23_1_23_1,0.328880,0
20_1_20_1,0.328932,0
54_1_125_0,0.329118,0
32_0_32_0,0.329833,0
417_1_421_0,0.330220,0
4_0_80_0,0.330713,0
73_1_25_0,0.330824,0
19_1_85_0,0.331050,0
19_1_19_1,0.331690,0
123_1_21_0,0.331741,0
161_0_161_0,0.332120,0
123_1_20_0,0.332413,0
81_1_19_0,0.332565,0
78_1_410_0,0.332917,0
75_0_75_0,0.333442,0
120_1_410_0,0.334004,0
50_0_50_0,0.334252,0
93_1_93_1,0.334845,0
50_1_670_1,0.335433,0
74_1_15_0,0.335554,0
664_0_664_0,0.335854,0
5_1_44_0,0.335944,0
13_0_13_1,0.336184,0
59_1_30_1,0.336587,0
1_1_6_0,0.337415,0
46_0_46_0,0.337832,0
722_1_722_0,0.338034,0
54_1_21_0,0.338076,0
123_1_4_1,0.338197,0
15_1_15_1,0.338419,0
180_0_180_1,0.340125,0
125_1_417_0,0.340130,0
81_0_81_0,0.341229,0
6_1_125_0,0.341359,0
29_1_29_1,0.341692,0
23_1_3_0,0.341971,0
34_1_44_0,0.342048,0
170_1_170_1,0.342114,0
501_0_50_0,0.342154,0
607_0_14_0,0.342274,0
28_1_88_0,0.342431,0
6_1_88_0,0.342626,0
29_1_28_0,0.342799,0
76_1_76_1,0.342915,0
83_1_428_0,0.343099,0
73_1_73_1,0.343195,0
13_1_13_1,0.343441,0
14_0_14_0,0.343936,0
33_0_33_0,0.344030,0
192_0_192_0,0.344139,0
15_1_84_0,0.344427,0
180_1_180_1,0.344505,0
47_0_47_0,0.344716,0
3_1_20_0,0.344718,0
47_1_49_0,0.344799,0
160_1_160_1,0.345212,0
21_1_84_0,0.345558,0
410_1_410_1,0.345685,0
3_1_14_0,0.346674,0
605_0_605_0,0.346898,0
160_0_160_0,0.347550,0
721_0_721_0,0.347792,0
47_1_47_1,0.347876,0
624_0_99_0,0.348080,0
284_1_284_1,0.348387,0
74_1_74_1,0.348390,0
71_1_21_0,0.348462,0
33_1_37_0,0.348741,0
78_1_19_0,0.348828,0
185_1_85_0,0.349090,0
34_0_34_0,0.349185,0
125_1_428_0,0.349330,0
410_0_410_0,0.349603,0
98_0_98_0,0.349719,0
20_1_21_0,0.350279,0
78_1_28_0,0.350511,0
660_0_660_0,0.350660,0
84_1_20_0,0.350751,0
84_1_123_0,0.350864,0
161_1_82_0,0.351401,0
180_0_180_0,0.351447,0
88_1_8_0,0.351813,0
20_1_84_0,0.351883,0
74_0_74_0,0.352170,0
16_1_125_0,0.352371,0
73_1_554_0,0.352430,0
6_0_38_1,0.352488,0
1_1_14_0,0.352533,0
670_0_41_1,0.352714,0
32_1_32_1,0.352760,0
54_1_20_0,0.352982,0
73_0_77_0,0.353161,0
38_1_38_1,0.353464,0
46_1_38_1,0.353911,0
180_1_85_0,0.354121,0
73_1_13_0,0.354525,0
6_0_6_0,0.354744,0
160_1_13_1,0.355258,0
125_1_125_1,0.355854,0
25_1_9_0,0.356254,0
29_0_29_0,0.356280,0
29_1_99_0,0.356302,0
54_1_6_0,0.356385,0
71_1_19_0,0.356642,0
120_0_120_0,0.357940,0
74_1_28_0,0.358424,0
6_1_120_0,0.358453,0
3_0_3_0,0.358770,0
54_1_13_0,0.358892,0
71_1_75_0,0.359254,0
123_1_71_0,0.359689,0
73_1_120_0,0.360273,0
84_1_84_0,0.360434,0
21_1_6_0,0.360855,0
49_0_49_0,0.361080,0
123_1_74_0,0.361327,0
76_1_21_0,0.361378,0
25_1_99_0,0.361490,0
123_1_76_0,0.361603,0
9_1_417_0,0.362147,0
417_0_417_0,0.362306,0
78_1_1_0,0.363649,0
13_0_13_0,0.363927,0
42_1_43_1,0.364005,0
88_1_161_0,0.364602,0
4_0_123_0,0.364686,0
123_1_123_0,0.365930,0
640_0_640_0,0.366206,0
75_1_25_0,0.366230,0
77_0_77_0,0.366633,0
5_1_13_1,0.366641,0
99_1_14_0,0.366895,0
721_0_721_1,0.367145,0
83_0_83_0,0.367287,0
44_1_5_0,0.367488,0
99_1_3_0,0.367495,0
428_1_54_0,0.367619,0
15_0_5_0,0.367896,0
180_1_3_0,0.368092,0
547_0_46_0,0.369048,0
6_1_123_0,0.369049,0
61_1_61_1,0.369843,0
4_0_417_0,0.370194,0
120_1_417_0,0.370611,0
47_1_609_1,0.370800,0
83_1_417_0,0.371076,0
44_1_15_1,0.371194,0
47_1_160_0,0.371815,0
21_1_75_0,0.372327,0
21_1_20_0,0.372492,0
128_1_84_0,0.372717,0
20_1_8_0,0.373507,0
123_0_123_0,0.373568,0
73_1_15_0,0.374368,0
6_1_410_0,0.375447,0
59_1_50_0,0.375482,0
83_1_161_0,0.375996,0
20_1_428_0,0.376204,0
88_1_21_0,0.377058,0
9_1_80_0,0.377179,0
60_0_60_0,0.377312,0
670_0_44_0,0.377358,0
4_0_99_0,0.377532,0
99_1_501_0,0.378065,0
88_1_29_0,0.378142,0
74_1_74_0,0.378778,0
1_1_99_0,0.378915,0
74_1_16_0,0.379029,0
565_0_125_1,0.379237,0
73_1_428_0,0.380084,0
417_1_13_0,0.381129,0
75_1_20_0,0.381273,0
421_1_410_0,0.381312,0
76_1_6_0,0.381313,0
16_1_84_0,0.382320,0
44_1_670_1,0.383057,0
16_1_428_0,0.383388,0
14_1_54_0,0.383951,0
123_1_123_1,0.384064,0
20_0_20_0,0.384334,0
54_1_54_0,0.384647,0
674_0_59_0,0.384734,0
74_1_83_0,0.384786,0
410_1_15_0,0.385094,0
75_1_1_0,0.385306,0
54_1_28_0,0.385604,0
14_1_73_0,0.385806,0
98_0_192_1,0.385943,0
43_1_5_0,0.385973,0
81_1_180_0,0.386055,0
88_1_88_0,0.386060,0
28_0_28_0,0.386386,0
722_0_722_1,0.386546,0
73_1_16_0,0.386548,0
42_0_42_0,0.386667,0
1_1_428_0,0.386963,0
76_1_19_0,0.387161,0
76_0_76_0,0.387306,0
132_0_132_0,0.387355,0
9_1_73_0,0.387472,0
13_1_28_0,0.387661,0
428_1_428_0,0.387707,0
4_1_4_1,0.387985,0
71_1_73_0,0.388155,0
99_1_28_0,0.388237,0
54_0_54_0,0.388269,0
74_1_98_0,0.388700,0
85_1_6_0,0.389252,0
6_1_13_0,0.389292,0
83_1_73_0,0.389834,0
25_1_20_0,0.390020,0
99_1_78_0,0.390164,0
120_1_20_0,0.390584,0
20_1_81_0,0.390643,0
161_1_88_0,0.390758,0
60_1_13_1,0.390962,0
49_1_5_0,0.391124,0
417_1_82_0,0.391920,0
417_1_21_0,0.391985,0
5_1_5_1,0.392226,0
613_0_41_1,0.392265,0
421_1_99_0,0.392369,0
80_1_80_0,0.392494,0
4_0_28_0,0.392722,0
128_1_83_0,0.392730,0
161_1_20_0,0.393034,0
21_1_29_0,0.393473,0
428_1_82_0,0.393636,0
123_1_16_0,0.393781,0
8_1_28_0,0.393839,0
14_1_6_0,0.394240,0
20_1_88_0,0.394299,0
19_1_428_0,0.394650,0
1_1_13_0,0.394912,0
417_1_99_0,0.394941,0
82_1_428_0,0.395120,0
15_0_15_0,0.395436,0
16_1_73_0,0.395476,0
1_1_1_1,0.395592,0
410_1_417_0,0.395897,0
20_1_78_0,0.395965,0
71_0_71_0,0.395977,0
16_1_14_0,0.395998,0
5_0_5_0,0.396262,0
9_0_9_1,0.396471,0
16_1_9_0,0.397135,0
60_1_44_0,0.397211,0
84_1_3_0,0.397540,0
29_1_1_0,0.397730,0
42_1_13_1,0.398334,0
14_1_1_0,0.398420,0
417_1_54_0,0.398839,0
123_1_13_0,0.398892,0
21_1_74_0,0.399072,0
13_1_8_0,0.399661,0
28_1_8_0,0.399758,0
88_0_88_0,0.399969,0
15_0_37_0,0.400006,0
199_1_83_0,0.400132,0
22_0_22_1,0.400468,0
73_1_19_0,0.400478,0
693_0_693_0,0.400581,0
180_1_13_0,0.400838,0
84_1_185_0,0.400998,0
442_1_125_0,0.401611,0
78_1_125_0,0.401635,0
43_1_54_1,0.402127,0
59_1_42_0,0.402735,0
33_1_46_0,0.402766,0
180_1_82_0,0.402770,0
417_1_15_0,0.403081,0
14_1_28_0,0.403496,0
19_1_73_0,0.403799,0
8_1_1_0,0.404216,0
82_1_82_0,0.404506,0
74_1_3_0,0.404755,0
21_1_54_0,0.404760,0
421_1_428_0,0.404846,0
21_0_21_0,0.405012,0
128_0_199_1,0.405048,0
3_1_417_0,0.405174,0
83_1_75_0,0.406139,0
125_1_99_0,0.406221,0
25_1_81_0,0.406364,0
82_0_82_0,0.406713,0
28_1_28_1,0.406755,0
8_1_13_0,0.406964,0
421_1_21_0,0.407228,0
1_1_98_0,0.407825,0
84_1_15_0,0.408075,0
34_1_49_0,0.408159,0
20_1_54_0,0.408197,0
410_1_25_0,0.408270,0
410_1_29_0,0.408537,0
78_1_4_1,0.409463,0
542_0_42_0,0.409624,0
4_0_8_0,0.409787,0
31_1_47_0,0.409809,0
20_1_14_0,0.410005,0
31_1_5_0,0.410357,0
123_1_417_0,0.410625,0
19_0_19_0,0.410944,0
84_1_8_0,0.411438,0
461_1_461_0,0.411452,0
74_1_19_0,0.411579,0
50_1_33_0,0.411837,0
49_1_41_1,0.412027,0
42_1_47_0,0.412974,0
83_1_88_0,0.413256,0
23_1_81_0,0.413282,0
37_1_542_1,0.413586,0
607_0_501_0,0.413723,0
410_1_4_1,0.413729,0
428_1_410_0,0.413795,0
46_1_31_0,0.413942,0
38_0_46_0,0.414252,0
47_0_38_0,0.414501,0
33_1_49_0,0.414801,0
8_1_76_0,0.414860,0
13_1_6_0,0.414966,0
88_1_1_0,0.415166,0
1_1_54_0,0.415340,0
50_1_160_0,0.415525,0
462_0_462_1,0.416048,0
13_1_125_0,0.416172,0
506_1_83_0,0.416610,0
54_1_54_1,0.416929,0
80_1_13_0,0.417607,0
1_0_1_0,0.417655,0
81_1_99_0,0.418190,0
25_1_21_0,0.418454,0
74_1_81_0,0.418618,0
132_1_47_1,0.418749,0
25_1_3_0,0.418855,0
32_1_192_0,0.418918,0
73_1_20_0,0.419121,0
15_1_410_0,0.419666,0
19_1_13_0,0.419870,0
5_1_31_0,0.420084,0
8_0_8_1,0.421464,0
15_1_3_0,0.421806,0
31_1_15_1,0.421841,0
41_1_44_0,0.421847,0
98_1_81_0,0.422010,0
49_1_60_0,0.422046,0
3_1_54_0,0.422554,0
20_1_19_0,0.422781,0
13_1_123_0,0.423014,0
44_1_49_0,0.423055,0
43_1_44_0,0.423137,0
161_1_73_0,0.423150,0
5_1_43_1,0.423231,0
75_1_410_0,0.423287,0
99_1_16_0,0.424023,0
54_1_88_0,0.424091,0
4_0_421_0,0.424218,0
29_1_84_0,0.424491,0
16_1_506_0,0.424851,0
160_1_50_0,0.424895,0
13_0_37_0,0.425048,0
59_1_33_0,0.425126,0
6_0_30_1,0.425889,0
83_1_54_0,0.426330,0
20_1_123_0,0.426400,0
78_1_83_0,0.426552,0
14_1_19_0,0.426698,0
80_1_4_1,0.426914,0
8_1_20_0,0.426968,0
16_1_123_0,0.427753,0
29_1_6_0,0.428080,0
14_1_15_0,0.428096,0
30_1_50_0,0.428184,0
170_0_170_1,0.428256,0
44_1_33_0,0.428514,0
6_0_31_0,0.428708,0
84_1_83_0,0.429432,0
34_1_38_1,0.429834,0
73_1_21_0,0.430052,0
8_1_8_0,0.430156,0
80_1_76_0,0.430272,0
84_1_98_0,0.431049,0
60_1_49_0,0.431187,0
13_1_410_0,0.431594,0
25_1_16_0,0.431706,0
1_1_84_0,0.431832,0
23_1_73_0,0.432224,0
84_1_25_0,0.432304,0
20_1_20_0,0.432498,0
15_0_60_0,0.432568,0
160_1_42_0,0.432593,0
83_1_83_0,0.432667,0
16_1_15_0,0.432704,0
25_1_84_0,0.432915,0
4_0_1_0,0.433246,0
44_1_50_0,0.433593,0
71_1_84_0,0.433897,0
29_1_21_0,0.434027,0
73_1_410_0,0.434231,0
54_0_49_0,0.434405,0
73_1_1_0,0.434601,0
61_1_61_0,0.434613,0
99_1_99_0,0.434730,0
42_1_60_0,0.434791,0
99_1_125_0,0.434811,0
123_1_15_0,0.435494,0
14_1_3_0,0.435506,0
1_1_83_0,0.435695,0
15_0_31_0,0.435724,0
49_1_15_1,0.435793,0
185_1_4_1,0.435826,0
84_1_14_0,0.436481,0
14_0_32_0,0.436643,0
21_1_428_0,0.436681,0
74_1_417_0,0.436806,0
14_1_4_1,0.437122,0
47_0_132_0,0.437133,0
4_0_15_0,0.437227,0
161_1_16_0,0.437616,0
3_1_74_0,0.437647,0
43_1_60_0,0.437767,0
21_1_73_0,0.437811,0
54_0_43_1,0.438143,0
43_1_42_0,0.438693,0
42_1_5_0,0.439409,0
28_0_28_1,0.439706,0
29_1_25_0,0.439725,0
9_1_83_0,0.439765,0
29_1_417_0,0.439919,0
75_1_185_0,0.440114,0
199_0_98_1,0.440392,0
417_1_410_0,0.440610,0
417_1_125_0,0.440751,0
54_0_47_0,0.441446,0
38_1_132_0,0.441589,0
720_1_720_0,0.441692,0
76_1_88_0,0.441795,0
47_1_54_1,0.441797,0
8_1_4_1,0.441889,0
462_1_462_0,0.441906,0
71_1_410_0,0.441929,0
60_1_60_0,0.442174,0
410_1_1_0,0.442308,0
16_1_13_0,0.442604,0
417_1_120_0,0.443289,0
38_0_47_0,0.444026,0
6_0_160_0,0.444241,0
81_1_4_1,0.444495,0
120_1_421_0,0.444580,0
33_1_37_1,0.444620,0
410_1_16_0,0.444752,0
73_1_14_0,0.444802,0
410_1_82_0,0.445398,0
38_0_44_0,0.445548,0
98_1_80_0,0.445783,0
120_1_78_0,0.445810,0
41_1_13_1,0.445977,0
417_1_83_0,0.446058,0
15_0_47_0,0.446190,0
80_0_80_1,0.446226,0
71_1_25_0,0.446228,0
73_1_8_0,0.446312,0
180_1_19_0,0.446618,0
6_1_15_0,0.446648,0
410_1_3_0,0.446649,0
50_1_59_0,0.446666,0
428_1_120_0,0.446990,0
461_0_461_1,0.447502,0
73_1_9_0,0.447502,0
417_1_84_0,0.447591,0
410_1_76_0,0.447697,0
80_1_19_0,0.447710,0
9_1_9_0,0.447732,0
80_1_54_0,0.447829,0
9_1_9_1,0.447887,0
417_1_75_0,0.448313,0
47_1_42_0,0.448348,0
410_1_83_0,0.448388,0
83_1_16_0,0.448504,0
428_1_98_0,0.448569,0
13_0_15_1,0.449351,0
76_1_410_0,0.449398,0
6_1_25_0,0.449478,0
41_1_15_1,0.449508,0
21_1_21_1,0.450614,0
192_1_47_1,0.450624,0
3_1_1_0,0.450654,0
71_1_20_0,0.450673,0
4_0_81_0,0.450687,0
21_1_417_0,0.450691,0
15_1_14_0,0.450822,0
4_1_38_0,0.452003,0
19_1_417_0,0.452193,0
47_1_5_0,0.452445,0
428_1_76_0,0.452456,0
43_1_34_0,0.452567,0
6_1_14_0,0.452751,0
81_1_98_0,0.452793,0
88_1_71_0,0.452806,0
417_1_81_0,0.452961,0
71_1_54_0,0.453242,0
42_1_46_0,0.453547,0
82_1_71_0,0.453558,0
83_1_19_0,0.453621,0
74_1_21_0,0.453747,0
13_0_42_0,0.453786,0
49_1_31_0,0.454159,0
8_0_8_0,0.454264,0
3_1_73_0,0.454329,0
16_1_81_0,0.454503,0
428_1_81_0,0.454601,0
73_1_6_0,0.455260,0
71_1_83_0,0.455515,0
21_1_19_0,0.455664,0
78_0_78_1,0.455978,0
6_1_74_0,0.456093,0
76_1_13_0,0.456266,0
20_1_3_0,0.456319,0
4_0_3_0,0.456434,0
73_1_23_0,0.456619,0
160_1_15_1,0.457187,0
80_1_74_0,0.457238,0
185_0_85_1,0.457591,0
76_1_161_0,0.457615,0
49_1_46_0,0.457723,0
99_1_84_0,0.457819,0
41_1_160_0,0.457895,0
6_1_71_0,0.458482,0
15_0_43_1,0.458853,0
1_1_15_0,0.459038,0
160_1_60_0,0.459180,0
73_1_73_0,0.459663,0
14_0_4_0,0.459842,0
60_1_50_0,0.460104,0
9_1_25_0,0.460122,0
88_0_88_1,0.461068,0
30_1_33_0,0.461363,0
15_1_23_0,0.461619,0
71_1_417_0,0.462234,0
13_1_74_0,0.462240,0
15_0_15_1,0.462761,0
15_1_6_0,0.462792,0
15_1_15_0,0.462933,0
161_1_410_0,0.462947,0
120_1_6_0,0.463262,0
84_1_16_0,0.463281,0
9_1_84_0,0.463356,0
21_1_1_0,0.463484,0
41_1_41_1,0.463572,0
43_1_15_1,0.463625,0
180_1_180_0,0.463689,0
428_1_74_0,0.463727,0
421_1_13_0,0.463737,0
5_1_6_1,0.463831,0
60_1_31_0,0.463939,0
98_1_9_0,0.464081,0
6_1_54_0,0.464220,0
46_1_50_0,0.464229,0
16_1_25_0,0.464294,0
16_1_21_0,0.464670,0
61_0_61_1,0.464699,0
75_1_83_0,0.464711,0
76_1_28_0,0.464885,0
83_1_99_0,0.465315,0
99_1_23_0,0.465605,0
428_1_84_0,0.465831,0
43_1_38_1,0.465907,0
76_1_73_0,0.466341,0
43_1_13_1,0.466746,0
410_1_410_0,0.467137,0
42_1_38_1,0.468017,0
73_1_84_0,0.468122,0
47_1_44_0,0.468402,0
46_1_49_0,0.468784,0
98_1_29_0,0.468953,0
15_1_13_0,0.469007,0
199_1_123_0,0.469475,0
49_1_33_0,0.469565,0
609_0_34_0,0.469894,0
160_1_160_0,0.469924,0
84_1_128_0,0.470159,0
20_1_73_0,0.470397,0
75_1_123_0,0.471076,0
47_1_50_0,0.471238,0
5_1_5_0,0.471331,0
417_1_16_0,0.471616,0
15_1_80_0,0.471744,0
5_1_49_0,0.471763,0
15_1_83_0,0.471868,0
37_1_37_0,0.471875,0
16_1_410_0,0.472072,0
13_1_29_0,0.472097,0
81_1_123_0,0.472304,0
13_0_5_0,0.472605,0
16_1_20_0,0.472616,0
4_0_73_0,0.472763,0
128_1_21_0,0.472955,0
47_1_46_0,0.472970,0
13_1_25_0,0.473418,0
4_1_14_1,0.473491,0
37_1_46_0,0.473612,0
31_1_50_0,0.474076,0
15_0_42_0,0.474465,0
77_1_73_1,0.474607,0
1_1_410_0,0.475080,0
31_1_42_0,0.475118,0
59_1_47_0,0.475210,0
85_1_21_0,0.475333,0
1_1_8_0,0.475808,0
25_1_25_0,0.475837,0
59_1_59_0,0.476149,0
34_1_5_0,0.476320,0
19_1_25_0,0.476770,0
49_1_47_0,0.476865,0
3_1_15_0,0.476938,0
132_1_132_1,0.476986,0
13_1_13_0,0.477293,0
608_1_15_0,0.477296,0
75_1_73_0,0.477537,0
47_1_41_1,0.477582,0
20_1_71_0,0.477805,0
29_1_410_0,0.477848,0
417_1_1_0,0.478036,0
41_1_50_0,0.478373,0
4_1_132_0,0.478627,0
461_0_462_1,0.478799,0
83_1_81_0,0.478920,0
41_1_49_0,0.479011,0
417_1_19_0,0.479296,0
160_1_33_0,0.479624,0
185_1_16_0,0.479777,0
132_1_192_0,0.479834,0
41_1_31_0,0.480986,0
84_1_71_0,0.481063,0
199_1_25_0,0.481138,0
4_0_54_0,0.481245,0
23_1_417_0,0.481728,0
6_1_76_0,0.481833,0
54_1_417_0,0.482725,0
20_1_4_1,0.483524,0
32_1_14_1,0.483787,0
1_1_25_0,0.484016,0
99_1_161_0,0.484101,0
16_1_19_0,0.484219,0
3_1_421_0,0.484277,0
6_1_20_0,0.484293,0
125_1_84_0,0.484465,0
44_1_38_1,0.484491,0
19_1_120_0,0.484659,0
14_1_14_0,0.484924,0
38_0_31_0,0.485105,0
4_0_76_0,0.485291,0
192_1_132_0,0.485869,0
20_1_16_0,0.486102,0
1_1_73_0,0.486173,0
29_1_16_0,0.487077,0
15_1_21_0,0.487547,0
6_1_3_0,0.487554,0
428_1_6_0,0.487646,0
81_1_417_0,0.487648,0
54_1_76_0,0.487676,0
75_1_99_0,0.487739,0
19_1_199_0,0.487860,0
20_1_410_0,0.488320,0
123_1_19_0,0.488363,0
83_1_29_0,0.488418,0
15_1_8_0,0.489611,0
160_1_5_0,0.489749,0
42_1_41_1,0.489924,0
30_1_47_0,0.490043,0
5_1_50_0,0.490215,0
41_1_42_0,0.490402,0
33_1_42_0,0.490858,0
14_1_123_0,0.490962,0
31_1_60_0,0.491046,0
30_1_38_1,0.491090,0
3_1_123_0,0.491142,0
54_1_1_0,0.491368,0
38_0_37_0,0.491753,0
99_1_73_0,0.492020,0
19_1_75_0,0.492184,0
80_1_15_0,0.492315,0
4_1_47_1,0.492347,0
31_1_46_0,0.492563,0
417_1_73_0,0.492767,0
44_1_60_0,0.492784,0
59_1_31_0,0.492980,0
125_1_73_0,0.492992,0
8_1_16_0,0.493326,0
76_1_1_0,0.493515,0
77_1_77_0,0.493545,0
125_1_16_0,0.493712,0
417_1_28_0,0.493919,0
1_1_4_1,0.493974,0
21_1_16_0,0.494242,0
21_1_15_0,0.494256,0
84_1_4_1,0.494442,0
71_1_8_0,0.495818,0
22_1_22_0,0.495826,0
25_1_71_0,0.495850,0
44_1_31_0,0.496541,0
461_1_61_0,0.496695,0
54_1_4_1,0.496809,0
14_1_14_1,0.496838,0
38_0_6_1,0.497418,0
16_1_16_0,0.497882,0
49_1_43_1,0.497961,0
16_1_161_0,0.498085,0
185_1_71_0,0.498097,0
4_0_13_0,0.498115,0
21_1_4_1,0.498308,0
60_1_43_1,0.498662,0
20_1_76_0,0.500010,1
76_0_76_1,0.500589,1
54_1_29_0,0.500649,1
29_1_29_0,0.500747,1
78_1_71_0,0.500749,1
76_1_4_1,0.500820,1
13_1_421_0,0.501419,1
6_1_21_0,0.501458,1
84_1_161_0,0.501675,1
32_1_38_0,0.501971,1
38_0_160_0,0.502158,1
38_0_42_0,0.502469,1
6_1_128_0,0.503278,1
80_1_14_0,0.503526,1
44_1_42_0,0.503830,1
4_0_19_0,0.504171,1
60_1_42_0,0.504367,1
410_1_73_0,0.504470,1
132_1_38_0,0.505637,1
60_1_54_1,0.505714,1
160_1_38_1,0.506064,1
50_1_42_0,0.506190,1
49_1_49_0,0.506344,1
5_1_47_0,0.506476,1
71_1_81_0,0.506660,1
99_1_410_0,0.507257,1
43_1_47_0,0.507498,1
128_0_128_1,0.507580,1
123_0_29_1,0.509076,1
428_1_73_0,0.509587,1
37_1_160_0,0.509652,1
73_1_71_0,0.509758,1
38_0_38_1,0.510445,1
60_0_60_1,0.510484,1
76_1_15_0,0.511172,1
22_0_161_1,0.511214,1
410_1_20_0,0.511438,1
21_1_21_0,0.511581,1
132_1_32_0,0.511617,1
410_1_88_0,0.511641,1
4_0_83_0,0.511927,1
417_1_417_0,0.512195,1
73_1_76_0,0.512452,1
3_1_3_0,0.512575,1
81_1_73_0,0.513499,1
421_1_4_1,0.513544,1
5_1_160_0,0.513747,1
1_1_71_0,0.514228,1
23_0_23_1,0.515011,1
30_1_60_0,0.515101,1
31_1_44_0,0.515521,1
47_1_43_1,0.516412,1
38_1_32_0,0.516720,1
4_1_32_0,0.517273,1
417_1_199_0,0.517662,1
47_1_6_1,0.518225,1
13_1_1_0,0.518419,1
31_1_38_1,0.518626,1
161_1_417_0,0.518956,1
13_0_43_1,0.518979,1
43_1_41_1,0.519013,1
3_0_3_1,0.519034,1
42_1_34_0,0.519134,1
428_1_71_0,0.519890,1
13_0_47_0,0.521035,1
33_1_59_0,0.522007,1
46_1_47_0,0.523076,1
13_1_4_1,0.523366,1
50_1_47_0,0.523652,1
49_1_42_0,0.524122,1
54_0_54_1,0.524942,1
14_0_14_1,0.525490,1
50_1_44_0,0.525520,1
417_0_417_1,0.525607,1
37_0_37_1,0.525838,1
417_1_161_0,0.526069,1
38_1_4_0,0.526128,1
4_0_21_0,0.526603,1
13_1_16_0,0.526661,1
15_1_73_0,0.527008,1
46_0_46_1,0.527062,1
421_1_76_0,0.527567,1
161_1_161_0,0.527638,1
59_0_59_1,0.527818,1
21_1_14_0,0.528938,1
19_1_81_0,0.529343,1
132_1_132_0,0.529951,1
15_1_71_0,0.531109,1
16_1_71_0,0.531190,1
650_0_442_0,0.531730,1
1_1_21_0,0.531939,1
43_1_43_1,0.532849,1
32_1_32_0,0.534341,1
71_0_71_1,0.534561,1
13_1_15_0,0.535409,1
42_1_31_0,0.535671,1
20_0_20_1,0.535744,1
77_1_77_1,0.535831,1
14_0_132_0,0.536029,1
84_1_73_0,0.536975,1
44_1_44_0,0.537097,1
6_1_29_0,0.537841,1
5_1_38_1,0.538722,1
15_0_160_0,0.539414,1
6_0_6_1,0.540017,1
25_1_73_0,0.541075,1
71_1_71_0,0.541387,1
19_1_19_0,0.542150,1
44_0_44_1,0.542341,1
74_1_73_0,0.542717,1
42_0_42_1,0.543367,1
76_1_76_0,0.545771,1
1_0_1_1,0.546392,1
41_1_60_0,0.546729,1
428_1_21_0,0.548257,1
4_0_4_1,0.548372,1
47_1_60_0,0.548962,1
13_1_73_0,0.549696,1
1_1_29_0,0.550896,1
16_0_16_1,0.551063,1
161_0_161_1,0.551808,1
49_1_6_1,0.552883,1
160_1_31_0,0.555621,1
1_1_1_0,0.555949,1
6_0_43_1,0.556678,1
46_1_46_0,0.557218,1
32_1_132_0,0.557226,1
44_1_43_1,0.559118,1
33_1_160_0,0.559193,1
120_0_120_1,0.559205,1
4_1_4_0,0.560619,1
75_0_75_1,0.560882,1
81_1_410_0,0.561152,1
29_0_29_1,0.561488,1
74_0_74_1,0.562123,1
46_1_160_0,0.563251,1
410_0_410_1,0.565427,1
132_1_4_0,0.566183,1
42_1_42_0,0.566454,1
410_1_71_0,0.566801,1
81_0_81_1,0.566920,1
6_0_47_0,0.568942,1
19_0_19_1,0.573503,1
47_1_47_0,0.573744,1
49_0_49_1,0.574453,1
32_1_4_0,0.576448,1
38_1_14_1,0.577298,1
71_1_161_0,0.578568,1
31_1_160_0,0.578743,1
33_0_33_1,0.581682,1
160_0_160_1,0.585787,1
47_0_47_1,0.591106,1
38_1_38_0,0.591294,1
428_0_428_1,0.593971,1
132_0_132_1,0.597314,1
99_0_99_1,0.601869,1
31_1_41_1,0.603569,1
21_0_21_1,0.606825,1
31_0_31_1,0.614637,1
73_0_73_1,0.614914,1
50_0_50_1,0.616215,1
421_0_421_1,0.616286,1
5_0_5_1,0.619026,1
123_0_123_1,0.619190,1
25_0_25_1,0.619865,1
32_0_32_1,0.633416,1
34_0_34_1,0.635270,1
77_0_77_1,0.636984,1