"on_time_a","planned_layover_sec","planned_dur_a","planned_dur_b","ampeak_a","pmpeak_a","route_pair"
0,300,1800,1800,1,0,"1_0_1_0"
0,300,1800,1800,1,0,"1_0_1_1"
0,300,1800,1800,1,0,"1_1_1_0"
0,300,1800,1800,1,0,"1_1_1_1"
0,300,1800,1800,1,0,"1_1_13_0"
0,300,1800,1800,1,0,"1_1_14_0"
0,300,1800,1800,1,0,"1_1_15_0"
0,300,1800,1800,1,0,"1_1_21_0"
0,300,1800,1800,1,0,"1_1_25_0"
0,300,1800,1800,1,0,"1_1_29_0"
0,300,1800,1800,1,0,"1_1_4_1"
0,300,1800,1800,1,0,"1_1_410_0"
0,300,1800,1800,1,0,"1_1_428_0"
0,300,1800,1800,1,0,"1_1_54_0"
0,300,1800,1800,1,0,"1_1_6_0"
0,300,1800,1800,1,0,"1_1_71_0"
0,300,1800,1800,1,0,"1_1_73_0"
0,300,1800,1800,1,0,"1_1_8_0"
0,300,1800,1800,1,0,"1_1_83_0"
0,300,1800,1800,1,0,"1_1_84_0"
0,300,1800,1800,1,0,"1_1_98_0"
0,300,1800,1800,1,0,"1_1_99_0"
0,300,1800,1800,1,0,"120_0_120_0"
0,300,1800,1800,1,0,"120_0_120_1"
0,300,1800,1800,1,0,"120_1_20_0"
0,300,1800,1800,1,0,"120_1_410_0"
0,300,1800,1800,1,0,"120_1_417_0"
0,300,1800,1800,1,0,"120_1_421_0"
0,300,1800,1800,1,0,"120_1_6_0"
0,300,1800,1800,1,0,"120_1_78_0"
0,300,1800,1800,1,0,"123_0_123_0"
0,300,1800,1800,1,0,"123_0_123_1"
0,300,1800,1800,1,0,"123_0_29_1"
0,300,1800,1800,1,0,"123_1_120_0"
0,300,1800,1800,1,0,"123_1_123_0"
0,300,1800,1800,1,0,"123_1_123_1"
0,300,1800,1800,1,0,"123_1_13_0"
0,300,1800,1800,1,0,"123_1_15_0"
0,300,1800,1800,1,0,"123_1_16_0"
0,300,1800,1800,1,0,"123_1_161_0"
0,300,1800,1800,1,0,"123_1_19_0"
0,300,1800,1800,1,0,"123_1_20_0"
0,300,1800,1800,1,0,"123_1_21_0"
0,300,1800,1800,1,0,"123_1_4_1"
0,300,1800,1800,1,0,"123_1_417_0"
0,300,1800,1800,1,0,"123_1_54_0"
0,300,1800,1800,1,0,"123_1_71_0"
0,300,1800,1800,1,0,"123_1_74_0"
0,300,1800,1800,1,0,"123_1_75_0"
0,300,1800,1800,1,0,"123_1_76_0"
0,300,1800,1800,1,0,"123_1_81_0"
0,300,1800,1800,1,0,"123_1_82_0"
0,300,1800,1800,1,0,"125_1_120_0"
0,300,1800,1800,1,0,"125_1_16_0"
0,300,1800,1800,1,0,"125_1_417_0"
0,300,1800,1800,1,0,"125_1_428_0"
0,300,1800,1800,1,0,"125_1_73_0"
0,300,1800,1800,1,0,"125_1_84_0"
0,300,1800,1800,1,0,"125_1_99_0"
0,300,1800,1800,1,0,"128_0_128_1"
0,300,1800,1800,1,0,"128_0_199_1"
0,300,1800,1800,1,0,"128_1_21_0"
0,300,1800,1800,1,0,"128_1_83_0"
0,300,1800,1800,1,0,"128_1_84_0"
0,300,1800,1800,1,0,"13_0_13_0"
0,300,1800,1800,1,0,"13_0_13_1"
0,300,1800,1800,1,0,"13_0_15_1"
0,300,1800,1800,1,0,"13_0_30_1"
0,300,1800,1800,1,0,"13_0_37_0"
0,300,1800,1800,1,0,"13_0_42_0"
0,300,1800,1800,1,0,"13_0_43_1"
0,300,1800,1800,1,0,"13_0_47_0"
0,300,1800,1800,1,0,"13_0_5_0"
0,300,1800,1800,1,0,"13_1_1_0"
0,300,1800,1800,1,0,"13_1_123_0"
0,300,1800,1800,1,0,"13_1_125_0"
0,300,1800,1800,1,0,"13_1_13_0"
0,300,1800,1800,1,0,"13_1_13_1"
0,300,1800,1800,1,0,"13_1_15_0"
0,300,1800,1800,1,0,"13_1_16_0"
0,300,1800,1800,1,0,"13_1_25_0"
0,300,1800,1800,1,0,"13_1_28_0"
0,300,1800,1800,1,0,"13_1_29_0"
0,300,1800,1800,1,0,"13_1_4_1"
0,300,1800,1800,1,0,"13_1_410_0"
0,300,1800,1800,1,0,"13_1_421_0"
0,300,1800,1800,1,0,"13_1_6_0"
0,300,1800,1800,1,0,"13_1_73_0"
0,300,1800,1800,1,0,"13_1_74_0"
0,300,1800,1800,1,0,"13_1_8_0"
0,300,1800,1800,1,0,"132_0_132_0"
0,300,1800,1800,1,0,"132_0_132_1"
0,300,1800,1800,1,0,"132_0_88_1"
0,300,1800,1800,1,0,"132_1_132_0"
0,300,1800,1800,1,0,"132_1_132_1"
0,300,1800,1800,1,0,"132_1_192_0"
0,300,1800,1800,1,0,"132_1_32_0"
0,300,1800,1800,1,0,"132_1_38_0"
0,300,1800,1800,1,0,"132_1_4_0"
0,300,1800,1800,1,0,"132_1_47_1"
0,300,1800,1800,1,0,"14_0_132_0"
0,300,1800,1800,1,0,"14_0_14_0"
0,300,1800,1800,1,0,"14_0_14_1"
0,300,1800,1800,1,0,"14_0_32_0"
0,300,1800,1800,1,0,"14_0_4_0"
0,300,1800,1800,1,0,"14_1_123_0"
0,300,1800,1800,1,0,"14_1_13_0"
0,300,1800,1800,1,0,"14_1_14_0"
0,300,1800,1800,1,0,"14_1_14_1"
0,300,1800,1800,1,0,"14_1_15_0"
0,300,1800,1800,1,0,"14_1_19_0"
0,300,1800,1800,1,0,"14_1_3_0"
0,300,1800,1800,1,0,"14_1_4_1"
0,300,1800,1800,1,0,"14_1_54_0"
0,300,1800,1800,1,0,"14_1_6_0"
0,300,1800,1800,1,0,"14_1_88_0"
0,300,1800,1800,1,0,"14_1_99_0"
0,300,1800,1800,1,0,"15_0_15_0"
0,300,1800,1800,1,0,"15_0_15_1"
0,300,1800,1800,1,0,"15_0_160_0"
0,300,1800,1800,1,0,"15_0_31_0"
0,300,1800,1800,1,0,"15_0_37_0"
0,300,1800,1800,1,0,"15_0_42_0"
0,300,1800,1800,1,0,"15_0_43_1"
0,300,1800,1800,1,0,"15_0_47_0"
0,300,1800,1800,1,0,"15_0_5_0"
0,300,1800,1800,1,0,"15_0_60_0"
0,300,1800,1800,1,0,"15_1_13_0"
0,300,1800,1800,1,0,"15_1_14_0"
0,300,1800,1800,1,0,"15_1_15_0"
0,300,1800,1800,1,0,"15_1_21_0"
0,300,1800,1800,1,0,"15_1_23_0"
0,300,1800,1800,1,0,"15_1_3_0"
0,300,1800,1800,1,0,"15_1_410_0"
0,300,1800,1800,1,0,"15_1_6_0"
0,300,1800,1800,1,0,"15_1_71_0"
0,300,1800,1800,1,0,"15_1_73_0"
0,300,1800,1800,1,0,"15_1_8_0"
0,300,1800,1800,1,0,"15_1_80_0"
0,300,1800,1800,1,0,"15_1_83_0"
0,300,1800,1800,1,0,"15_1_84_0"
0,300,1800,1800,1,0,"160_0_160_1"
0,300,1800,1800,1,0,"160_1_13_1"
0,300,1800,1800,1,0,"160_1_15_1"
0,300,1800,1800,1,0,"160_1_160_0"
0,300,1800,1800,1,0,"160_1_31_0"
0,300,1800,1800,1,0,"160_1_33_0"
0,300,1800,1800,1,0,"160_1_38_1"
0,300,1800,1800,1,0,"160_1_42_0"
0,300,1800,1800,1,0,"160_1_43_1"
0,300,1800,1800,1,0,"160_1_5_0"
0,300,1800,1800,1,0,"16_0_16_0"
0,300,1800,1800,1,0,"160_1_60_0"
0,300,1800,1800,1,0,"16_0_16_1"
0,300,1800,1800,1,0,"161_0_161_0"
0,300,1800,1800,1,0,"161_0_161_1"
0,300,1800,1800,1,0,"161_1_123_0"
0,300,1800,1800,1,0,"161_1_16_0"
0,300,1800,1800,1,0,"161_1_161_0"
0,300,1800,1800,1,0,"161_1_185_0"
0,300,1800,1800,1,0,"161_1_20_0"
0,300,1800,1800,1,0,"16_1_123_0"
0,300,1800,1800,1,0,"16_1_125_0"
0,300,1800,1800,1,0,"16_1_13_0"
0,300,1800,1800,1,0,"16_1_14_0"
0,300,1800,1800,1,0,"161_1_410_0"
0,300,1800,1800,1,0,"161_1_417_0"
0,300,1800,1800,1,0,"16_1_15_0"
0,300,1800,1800,1,0,"16_1_16_0"
0,300,1800,1800,1,0,"16_1_161_0"
0,300,1800,1800,1,0,"161_1_73_0"
0,300,1800,1800,1,0,"161_1_82_0"
0,300,1800,1800,1,0,"161_1_88_0"
0,300,1800,1800,1,0,"16_1_19_0"
0,300,1800,1800,1,0,"16_1_20_0"
0,300,1800,1800,1,0,"16_1_21_0"
0,300,1800,1800,1,0,"16_1_25_0"
0,300,1800,1800,1,0,"16_1_410_0"
0,300,1800,1800,1,0,"16_1_428_0"
0,300,1800,1800,1,0,"16_1_506_0"
0,300,1800,1800,1,0,"16_1_71_0"
0,300,1800,1800,1,0,"16_1_73_0"
0,300,1800,1800,1,0,"16_1_75_0"
0,300,1800,1800,1,0,"16_1_81_0"
0,300,1800,1800,1,0,"16_1_84_0"
0,300,1800,1800,1,0,"16_1_9_0"
0,300,1800,1800,1,0,"16_1_99_0"
0,300,1800,1800,1,0,"170_0_170_1"
0,300,1800,1800,1,0,"170_1_170_0"
0,300,1800,1800,1,0,"170_1_170_1"
0,300,1800,1800,1,0,"180_0_180_1"
0,300,1800,1800,1,0,"180_1_13_0"
0,300,1800,1800,1,0,"180_1_180_0"
0,300,1800,1800,1,0,"180_1_19_0"
0,300,1800,1800,1,0,"180_1_3_0"
0,300,1800,1800,1,0,"180_1_82_0"
0,300,1800,1800,1,0,"180_1_85_0"
0,300,1800,1800,1,0,"185_0_85_1"
0,300,1800,1800,1,0,"185_1_16_0"
0,300,1800,1800,1,0,"185_1_4_1"
0,300,1800,1800,1,0,"185_1_71_0"
0,300,1800,1800,1,0,"185_1_85_0"
0,300,1800,1800,1,0,"19_0_19_0"
0,300,1800,1800,1,0,"19_0_19_1"
0,300,1800,1800,1,0,"19_1_120_0"
0,300,1800,1800,1,0,"19_1_13_0"
0,300,1800,1800,1,0,"19_1_180_0"
0,300,1800,1800,1,0,"19_1_19_0"
0,300,1800,1800,1,0,"19_1_19_1"
0,300,1800,1800,1,0,"19_1_199_0"
0,300,1800,1800,1,0,"19_1_20_0"
0,300,1800,1800,1,0,"19_1_25_0"
0,300,1800,1800,1,0,"19_1_28_0"
0,300,1800,1800,1,0,"19_1_3_0"
0,300,1800,1800,1,0,"19_1_417_0"
0,300,1800,1800,1,0,"19_1_428_0"
0,300,1800,1800,1,0,"19_1_73_0"
0,300,1800,1800,1,0,"19_1_75_0"
0,300,1800,1800,1,0,"19_1_81_0"
0,300,1800,1800,1,0,"19_1_85_0"
0,300,1800,1800,1,0,"192_0_428_1"
0,300,1800,1800,1,0,"192_1_132_0"
0,300,1800,1800,1,0,"192_1_47_1"
0,300,1800,1800,1,0,"199_0_98_1"
0,300,1800,1800,1,0,"199_1_123_0"
0,300,1800,1800,1,0,"199_1_25_0"
0,300,1800,1800,1,0,"199_1_83_0"
0,300,1800,1800,1,0,"20_0_20_0"
0,300,1800,1800,1,0,"20_0_20_1"
0,300,1800,1800,1,0,"20_1_123_0"
0,300,1800,1800,1,0,"20_1_14_0"
0,300,1800,1800,1,0,"20_1_16_0"
0,300,1800,1800,1,0,"20_1_19_0"
0,300,1800,1800,1,0,"20_1_20_0"
0,300,1800,1800,1,0,"20_1_20_1"
0,300,1800,1800,1,0,"20_1_21_0"
0,300,1800,1800,1,0,"20_1_3_0"
0,300,1800,1800,1,0,"20_1_4_1"
0,300,1800,1800,1,0,"20_1_410_0"
0,300,1800,1800,1,0,"20_1_428_0"
0,300,1800,1800,1,0,"20_1_54_0"
0,300,1800,1800,1,0,"20_1_71_0"
0,300,1800,1800,1,0,"20_1_73_0"
0,300,1800,1800,1,0,"20_1_76_0"
0,300,1800,1800,1,0,"20_1_78_0"
0,300,1800,1800,1,0,"20_1_8_0"
0,300,1800,1800,1,0,"20_1_81_0"
0,300,1800,1800,1,0,"20_1_84_0"
0,300,1800,1800,1,0,"20_1_88_0"
0,300,1800,1800,1,0,"21_0_21_0"
0,300,1800,1800,1,0,"21_0_21_1"
0,300,1800,1800,1,0,"21_1_1_0"
0,300,1800,1800,1,0,"21_1_14_0"
0,300,1800,1800,1,0,"21_1_15_0"
0,300,1800,1800,1,0,"21_1_16_0"
0,300,1800,1800,1,0,"21_1_19_0"
0,300,1800,1800,1,0,"21_1_20_0"
0,300,1800,1800,1,0,"21_1_21_0"
0,300,1800,1800,1,0,"21_1_21_1"
0,300,1800,1800,1,0,"21_1_29_0"
0,300,1800,1800,1,0,"21_1_4_1"
0,300,1800,1800,1,0,"21_1_417_0"
0,300,1800,1800,1,0,"21_1_428_0"
0,300,1800,1800,1,0,"21_1_54_0"
0,300,1800,1800,1,0,"21_1_6_0"
0,300,1800,1800,1,0,"21_1_73_0"
0,300,1800,1800,1,0,"21_1_74_0"
0,300,1800,1800,1,0,"21_1_75_0"
0,300,1800,1800,1,0,"21_1_84_0"
0,300,1800,1800,1,0,"22_0_161_1"
0,300,1800,1800,1,0,"22_0_22_1"
0,300,1800,1800,1,0,"22_1_22_0"
0,300,1800,1800,1,0,"23_0_23_1"
0,300,1800,1800,1,0,"23_1_23_1"
0,300,1800,1800,1,0,"23_1_3_0"
0,300,1800,1800,1,0,"23_1_417_0"
0,300,1800,1800,1,0,"23_1_73_0"
0,300,1800,1800,1,0,"23_1_81_0"
0,300,1800,1800,1,0,"25_0_25_0"
0,300,1800,1800,1,0,"25_0_25_1"
0,300,1800,1800,1,0,"25_1_16_0"
0,300,1800,1800,1,0,"25_1_20_0"
0,300,1800,1800,1,0,"25_1_21_0"
0,300,1800,1800,1,0,"25_1_25_0"
0,300,1800,1800,1,0,"25_1_3_0"
0,300,1800,1800,1,0,"25_1_417_0"
0,300,1800,1800,1,0,"25_1_71_0"
0,300,1800,1800,1,0,"25_1_73_0"
0,300,1800,1800,1,0,"25_1_78_0"
0,300,1800,1800,1,0,"25_1_81_0"
0,300,1800,1800,1,0,"25_1_84_0"
0,300,1800,1800,1,0,"25_1_9_0"
0,300,1800,1800,1,0,"25_1_99_0"
0,300,1800,1800,1,0,"28_0_28_0"
0,300,1800,1800,1,0,"28_0_28_1"
0,300,1800,1800,1,0,"28_1_28_0"
0,300,1800,1800,1,0,"28_1_28_1"
0,300,1800,1800,1,0,"28_1_6_0"
0,300,1800,1800,1,0,"28_1_8_0"
0,300,1800,1800,1,0,"28_1_88_0"
0,300,1800,1800,1,0,"29_0_29_0"
0,300,1800,1800,1,0,"29_0_29_1"
0,300,1800,1800,1,0,"29_1_1_0"
0,300,1800,1800,1,0,"29_1_14_0"
0,300,1800,1800,1,0,"29_1_16_0"
0,300,1800,1800,1,0,"29_1_21_0"
0,300,1800,1800,1,0,"29_1_25_0"
0,300,1800,1800,1,0,"29_1_28_0"
0,300,1800,1800,1,0,"29_1_29_0"
0,300,1800,1800,1,0,"29_1_410_0"
0,300,1800,1800,1,0,"29_1_417_0"
0,300,1800,1800,1,0,"29_1_6_0"
0,300,1800,1800,1,0,"29_1_607_1"
0,300,1800,1800,1,0,"29_1_84_0"
0,300,1800,1800,1,0,"29_1_98_0"
0,300,1800,1800,1,0,"29_1_99_0"
0,300,1800,1800,1,0,"30_1_30_1"
0,300,1800,1800,1,0,"30_1_33_0"
0,300,1800,1800,1,0,"30_1_38_1"
0,300,1800,1800,1,0,"30_1_47_0"
0,300,1800,1800,1,0,"30_1_50_0"
0,300,1800,1800,1,0,"30_1_60_0"
0,300,1800,1800,1,0,"3_0_3_0"
0,300,1800,1800,1,0,"3_0_3_1"
0,300,1800,1800,1,0,"31_0_31_1"
0,300,1800,1800,1,0,"3_1_1_0"
0,300,1800,1800,1,0,"31_1_160_0"
0,300,1800,1800,1,0,"3_1_123_0"
0,300,1800,1800,1,0,"31_1_38_1"
0,300,1800,1800,1,0,"3_1_14_0"
0,300,1800,1800,1,0,"31_1_41_1"
0,300,1800,1800,1,0,"31_1_42_0"
0,300,1800,1800,1,0,"31_1_44_0"
0,300,1800,1800,1,0,"31_1_46_0"
0,300,1800,1800,1,0,"31_1_47_0"
0,300,1800,1800,1,0,"3_1_15_0"
0,300,1800,1800,1,0,"31_1_5_0"
0,300,1800,1800,1,0,"31_1_50_0"
0,300,1800,1800,1,0,"31_1_60_0"
0,300,1800,1800,1,0,"3_1_185_0"
0,300,1800,1800,1,0,"3_1_20_0"
0,300,1800,1800,1,0,"3_1_3_0"
0,300,1800,1800,1,0,"3_1_3_1"
0,300,1800,1800,1,0,"3_1_417_0"
0,300,1800,1800,1,0,"3_1_421_0"
0,300,1800,1800,1,0,"3_1_54_0"
0,300,1800,1800,1,0,"3_1_73_0"
0,300,1800,1800,1,0,"3_1_74_0"
0,300,1800,1800,1,0,"3_1_75_0"
0,300,1800,1800,1,0,"32_0_32_1"
0,300,1800,1800,1,0,"32_1_132_0"
0,300,1800,1800,1,0,"32_1_14_1"
0,300,1800,1800,1,0,"32_1_192_0"
0,300,1800,1800,1,0,"32_1_32_0"
0,300,1800,1800,1,0,"32_1_38_0"
0,300,1800,1800,1,0,"32_1_4_0"
0,300,1800,1800,1,0,"33_0_33_1"
0,300,1800,1800,1,0,"33_1_160_0"
0,300,1800,1800,1,0,"33_1_37_0"
0,300,1800,1800,1,0,"33_1_37_1"
0,300,1800,1800,1,0,"33_1_42_0"
0,300,1800,1800,1,0,"33_1_46_0"
0,300,1800,1800,1,0,"33_1_49_0"
0,300,1800,1800,1,0,"33_1_50_0"
0,300,1800,1800,1,0,"33_1_59_0"
0,300,1800,1800,1,0,"34_0_34_0"
0,300,1800,1800,1,0,"34_0_34_1"
0,300,1800,1800,1,0,"34_1_34_0"
0,300,1800,1800,1,0,"34_1_44_0"
0,300,1800,1800,1,0,"34_1_49_0"
0,300,1800,1800,1,0,"34_1_5_0"
0,300,1800,1800,1,0,"37_0_37_1"
0,300,1800,1800,1,0,"37_1_160_0"
0,300,1800,1800,1,0,"37_1_37_0"
0,300,1800,1800,1,0,"37_1_46_0"
0,300,1800,1800,1,0,"37_1_542_1"
0,300,1800,1800,1,0,"38_0_160_0"
0,300,1800,1800,1,0,"38_0_31_0"
0,300,1800,1800,1,0,"38_0_37_0"
0,300,1800,1800,1,0,"38_0_38_1"
0,300,1800,1800,1,0,"38_0_42_0"
0,300,1800,1800,1,0,"38_0_44_0"
0,300,1800,1800,1,0,"38_0_46_0"
0,300,1800,1800,1,0,"38_0_47_0"
0,300,1800,1800,1,0,"38_0_5_0"
0,300,1800,1800,1,0,"38_0_6_1"
0,300,1800,1800,1,0,"38_1_132_0"
0,300,1800,1800,1,0,"38_1_14_1"
0,300,1800,1800,1,0,"38_1_32_0"
0,300,1800,1800,1,0,"38_1_38_0"
0,300,1800,1800,1,0,"38_1_38_1"
0,300,1800,1800,1,0,"38_1_4_0"
0,300,1800,1800,1,0,"4_0_1_0"
0,300,1800,1800,1,0,"4_0_13_0"
0,300,1800,1800,1,0,"4_0_15_0"
0,300,1800,1800,1,0,"4_0_19_0"
0,300,1800,1800,1,0,"4_0_20_0"
0,300,1800,1800,1,0,"4_0_21_0"
0,300,1800,1800,1,0,"4_0_28_0"
0,300,1800,1800,1,0,"4_0_3_0"
0,300,1800,1800,1,0,"4_0_4_1"
0,300,1800,1800,1,0,"4_0_417_0"
0,300,1800,1800,1,0,"4_0_421_0"
0,300,1800,1800,1,0,"4_0_54_0"
0,300,1800,1800,1,0,"4_0_73_0"
0,300,1800,1800,1,0,"4_0_76_0"
0,300,1800,1800,1,0,"4_0_8_0"
0,300,1800,1800,1,0,"4_0_80_0"
0,300,1800,1800,1,0,"4_0_81_0"
0,300,1800,1800,1,0,"4_0_83_0"
0,300,1800,1800,1,0,"4_0_99_0"
0,300,1800,1800,1,0,"410_0_410_0"
0,300,1800,1800,1,0,"410_0_410_1"
0,300,1800,1800,1,0,"410_1_1_0"
0,300,1800,1800,1,0,"410_1_15_0"
0,300,1800,1800,1,0,"410_1_16_0"
0,300,1800,1800,1,0,"410_1_20_0"
0,300,1800,1800,1,0,"410_1_25_0"
0,300,1800,1800,1,0,"410_1_29_0"
0,300,1800,1800,1,0,"410_1_3_0"
0,300,1800,1800,1,0,"410_1_4_1"
0,300,1800,1800,1,0,"410_1_410_0"
0,300,1800,1800,1,0,"410_1_410_1"
0,300,1800,1800,1,0,"410_1_417_0"
0,300,1800,1800,1,0,"410_1_71_0"
0,300,1800,1800,1,0,"410_1_73_0"
0,300,1800,1800,1,0,"410_1_76_0"
0,300,1800,1800,1,0,"410_1_82_0"
0,300,1800,1800,1,0,"410_1_83_0"
0,300,1800,1800,1,0,"410_1_88_0"
0,300,1800,1800,1,0,"41_1_13_1"
0,300,1800,1800,1,0,"41_1_15_1"
0,300,1800,1800,1,0,"41_1_160_0"
0,300,1800,1800,1,0,"41_1_31_0"
0,300,1800,1800,1,0,"4_1_132_0"
0,300,1800,1800,1,0,"4_1_14_1"
0,300,1800,1800,1,0,"41_1_41_1"
0,300,1800,1800,1,0,"41_1_42_0"
0,300,1800,1800,1,0,"41_1_44_0"
0,300,1800,1800,1,0,"41_1_49_0"
0,300,1800,1800,1,0,"41_1_50_0"
0,300,1800,1800,1,0,"41_1_60_0"
0,300,1800,1800,1,0,"4_1_192_0"
0,300,1800,1800,1,0,"4_1_32_0"
0,300,1800,1800,1,0,"4_1_38_0"
0,300,1800,1800,1,0,"4_1_4_0"
0,300,1800,1800,1,0,"4_1_4_1"
0,300,1800,1800,1,0,"4_1_47_1"
0,300,1800,1800,1,0,"417_0_417_0"
0,300,1800,1800,1,0,"417_0_417_1"
0,300,1800,1800,1,0,"417_1_1_0"
0,300,1800,1800,1,0,"417_1_120_0"
0,300,1800,1800,1,0,"417_1_125_0"
0,300,1800,1800,1,0,"417_1_13_0"
0,300,1800,1800,1,0,"417_1_15_0"
0,300,1800,1800,1,0,"417_1_16_0"
0,300,1800,1800,1,0,"417_1_161_0"
0,300,1800,1800,1,0,"417_1_19_0"
0,300,1800,1800,1,0,"417_1_199_0"
0,300,1800,1800,1,0,"417_1_21_0"
0,300,1800,1800,1,0,"417_1_28_0"
0,300,1800,1800,1,0,"417_1_410_0"
0,300,1800,1800,1,0,"417_1_417_0"
0,300,1800,1800,1,0,"417_1_417_1"
0,300,1800,1800,1,0,"417_1_421_0"
0,300,1800,1800,1,0,"417_1_54_0"
0,300,1800,1800,1,0,"417_1_73_0"
0,300,1800,1800,1,0,"417_1_75_0"
0,300,1800,1800,1,0,"417_1_81_0"
0,300,1800,1800,1,0,"417_1_82_0"
0,300,1800,1800,1,0,"417_1_83_0"
0,300,1800,1800,1,0,"417_1_84_0"
0,300,1800,1800,1,0,"417_1_98_0"
0,300,1800,1800,1,0,"417_1_99_0"
0,300,1800,1800,1,0,"42_0_42_1"
0,300,1800,1800,1,0,"421_0_421_0"
0,300,1800,1800,1,0,"421_0_421_1"
0,300,1800,1800,1,0,"421_1_13_0"
0,300,1800,1800,1,0,"421_1_21_0"
0,300,1800,1800,1,0,"42_1_13_1"
0,300,1800,1800,1,0,"421_1_4_1"
0,300,1800,1800,1,0,"421_1_410_0"
0,300,1800,1800,1,0,"421_1_428_0"
0,300,1800,1800,1,0,"42_1_15_1"
0,300,1800,1800,1,0,"421_1_76_0"
0,300,1800,1800,1,0,"421_1_99_0"
0,300,1800,1800,1,0,"42_1_31_0"
0,300,1800,1800,1,0,"42_1_34_0"
0,300,1800,1800,1,0,"42_1_38_1"
0,300,1800,1800,1,0,"42_1_41_1"
0,300,1800,1800,1,0,"42_1_42_0"
0,300,1800,1800,1,0,"42_1_43_1"
0,300,1800,1800,1,0,"42_1_46_0"
0,300,1800,1800,1,0,"42_1_47_0"
0,300,1800,1800,1,0,"42_1_5_0"
0,300,1800,1800,1,0,"42_1_60_0"
0,300,1800,1800,1,0,"428_0_428_0"
0,300,1800,1800,1,0,"428_0_428_1"
0,300,1800,1800,1,0,"428_1_120_0"
0,300,1800,1800,1,0,"428_1_199_0"
0,300,1800,1800,1,0,"428_1_21_0"
0,300,1800,1800,1,0,"428_1_410_0"
0,300,1800,1800,1,0,"428_1_428_0"
0,300,1800,1800,1,0,"428_1_54_0"
0,300,1800,1800,1,0,"428_1_6_0"
0,300,1800,1800,1,0,"428_1_71_0"
0,300,1800,1800,1,0,"428_1_73_0"
0,300,1800,1800,1,0,"428_1_74_0"
0,300,1800,1800,1,0,"428_1_76_0"
0,300,1800,1800,1,0,"428_1_81_0"
0,300,1800,1800,1,0,"428_1_82_0"
0,300,1800,1800,1,0,"428_1_84_0"
0,300,1800,1800,1,0,"428_1_98_0"
0,300,1800,1800,1,0,"43_1_13_1"
0,300,1800,1800,1,0,"43_1_15_1"
0,300,1800,1800,1,0,"43_1_34_0"
0,300,1800,1800,1,0,"43_1_38_1"
0,300,1800,1800,1,0,"43_1_41_1"
0,300,1800,1800,1,0,"43_1_42_0"
0,300,1800,1800,1,0,"43_1_43_1"
0,300,1800,1800,1,0,"43_1_44_0"
0,300,1800,1800,1,0,"43_1_47_0"
0,300,1800,1800,1,0,"43_1_5_0"
0,300,1800,1800,1,0,"43_1_54_1"
0,300,1800,1800,1,0,"43_1_60_0"
0,300,1800,1800,1,0,"44_0_44_1"
0,300,1800,1800,1,0,"44_1_13_1"
0,300,1800,1800,1,0,"44_1_15_1"
0,300,1800,1800,1,0,"44_1_31_0"
0,300,1800,1800,1,0,"44_1_33_0"
0,300,1800,1800,1,0,"44_1_38_1"
0,300,1800,1800,1,0,"44_1_42_0"
0,300,1800,1800,1,0,"44_1_43_1"
0,300,1800,1800,1,0,"44_1_44_0"
0,300,1800,1800,1,0,"44_1_49_0"
0,300,1800,1800,1,0,"44_1_5_0"
0,300,1800,1800,1,0,"44_1_50_0"
0,300,1800,1800,1,0,"44_1_60_0"
0,300,1800,1800,1,0,"44_1_670_1"
0,300,1800,1800,1,0,"442_1_125_0"
0,300,1800,1800,1,0,"46_0_46_1"
0,300,1800,1800,1,0,"461_0_461_1"
0,300,1800,1800,1,0,"461_0_462_1"
0,300,1800,1800,1,0,"461_1_461_0"
0,300,1800,1800,1,0,"46_1_160_0"
0,300,1800,1800,1,0,"461_1_61_0"
0,300,1800,1800,1,0,"46_1_31_0"
0,300,1800,1800,1,0,"46_1_34_0"
0,300,1800,1800,1,0,"46_1_38_1"
0,300,1800,1800,1,0,"46_1_46_0"
0,300,1800,1800,1,0,"46_1_47_0"
0,300,1800,1800,1,0,"46_1_49_0"
0,300,1800,1800,1,0,"46_1_50_0"
0,300,1800,1800,1,0,"462_0_462_1"
0,300,1800,1800,1,0,"462_1_462_0"
0,300,1800,1800,1,0,"47_0_38_0"
0,300,1800,1800,1,0,"47_0_47_1"
0,300,1800,1800,1,0,"47_1_13_1"
0,300,1800,1800,1,0,"47_1_160_0"
0,300,1800,1800,1,0,"47_1_41_1"
0,300,1800,1800,1,0,"47_1_42_0"
0,300,1800,1800,1,0,"47_1_43_1"
0,300,1800,1800,1,0,"47_1_44_0"
0,300,1800,1800,1,0,"47_1_46_0"
0,300,1800,1800,1,0,"47_1_47_0"
0,300,1800,1800,1,0,"47_1_47_1"
0,300,1800,1800,1,0,"47_1_49_0"
0,300,1800,1800,1,0,"47_1_5_0"
0,300,1800,1800,1,0,"47_1_50_0"
0,300,1800,1800,1,0,"47_1_54_1"
0,300,1800,1800,1,0,"47_1_60_0"
0,300,1800,1800,1,0,"47_1_609_1"
0,300,1800,1800,1,0,"47_1_6_1"
0,300,1800,1800,1,0,"49_0_49_0"
0,300,1800,1800,1,0,"49_0_49_1"
0,300,1800,1800,1,0,"49_1_15_1"
0,300,1800,1800,1,0,"49_1_31_0"
0,300,1800,1800,1,0,"49_1_33_0"
0,300,1800,1800,1,0,"49_1_41_1"
0,300,1800,1800,1,0,"49_1_42_0"
0,300,1800,1800,1,0,"49_1_43_1"
0,300,1800,1800,1,0,"49_1_46_0"
0,300,1800,1800,1,0,"49_1_47_0"
0,300,1800,1800,1,0,"49_1_49_0"
0,300,1800,1800,1,0,"49_1_5_0"
0,300,1800,1800,1,0,"49_1_6_1"
0,300,1800,1800,1,0,"50_0_50_0"
0,300,1800,1800,1,0,"50_0_50_1"
0,300,1800,1800,1,0,"501_0_50_0"
0,300,1800,1800,1,0,"50_1_33_0"
0,300,1800,1800,1,0,"50_1_42_0"
0,300,1800,1800,1,0,"50_1_44_0"
0,300,1800,1800,1,0,"50_1_47_0"
0,300,1800,1800,1,0,"50_1_59_0"
0,300,1800,1800,1,0,"50_1_670_1"
0,300,1800,1800,1,0,"5_0_5_0"
0,300,1800,1800,1,0,"5_0_5_1"
0,300,1800,1800,1,0,"506_0_506_0"
0,300,1800,1800,1,0,"506_1_83_0"
0,300,1800,1800,1,0,"5_1_13_1"
0,300,1800,1800,1,0,"5_1_15_1"
0,300,1800,1800,1,0,"5_1_160_0"
0,300,1800,1800,1,0,"5_1_31_0"
0,300,1800,1800,1,0,"5_1_38_1"
0,300,1800,1800,1,0,"5_1_43_1"
0,300,1800,1800,1,0,"5_1_44_0"
0,300,1800,1800,1,0,"5_1_47_0"
0,300,1800,1800,1,0,"5_1_49_0"
0,300,1800,1800,1,0,"5_1_5_0"
0,300,1800,1800,1,0,"5_1_50_0"
0,300,1800,1800,1,0,"5_1_5_1"
0,300,1800,1800,1,0,"5_1_6_1"
0,300,1800,1800,1,0,"54_0_43_1"
0,300,1800,1800,1,0,"54_0_47_0"
0,300,1800,1800,1,0,"54_0_49_0"
0,300,1800,1800,1,0,"54_0_54_0"
0,300,1800,1800,1,0,"54_0_54_1"
0,300,1800,1800,1,0,"54_1_1_0"
0,300,1800,1800,1,0,"54_1_125_0"
0,300,1800,1800,1,0,"54_1_13_0"
0,300,1800,1800,1,0,"54_1_20_0"
0,300,1800,1800,1,0,"54_1_28_0"
0,300,1800,1800,1,0,"54_1_29_0"
0,300,1800,1800,1,0,"54_1_4_1"
0,300,1800,1800,1,0,"54_1_417_0"
0,300,1800,1800,1,0,"54_1_54_0"
0,300,1800,1800,1,0,"54_1_54_1"
0,300,1800,1800,1,0,"54_1_6_0"
0,300,1800,1800,1,0,"54_1_76_0"
0,300,1800,1800,1,0,"54_1_82_0"
0,300,1800,1800,1,0,"54_1_88_0"
0,300,1800,1800,1,0,"542_0_42_0"
0,300,1800,1800,1,0,"547_0_46_0"
0,300,1800,1800,1,0,"55_0_55_1"
0,300,1800,1800,1,0,"55_1_55_0"
0,300,1800,1800,1,0,"554_1_20_0"
0,300,1800,1800,1,0,"565_0_125_1"
0,300,1800,1800,1,0,"59_0_59_0"
0,300,1800,1800,1,0,"59_0_59_1"
0,300,1800,1800,1,0,"59_1_30_1"
0,300,1800,1800,1,0,"59_1_31_0"
0,300,1800,1800,1,0,"59_1_33_0"
0,300,1800,1800,1,0,"59_1_42_0"
0,300,1800,1800,1,0,"59_1_47_0"
0,300,1800,1800,1,0,"59_1_50_0"
0,300,1800,1800,1,0,"59_1_59_0"
0,300,1800,1800,1,0,"60_0_60_0"
0,300,1800,1800,1,0,"60_0_60_1"
0,300,1800,1800,1,0,"60_1_13_1"
0,300,1800,1800,1,0,"60_1_15_1"
0,300,1800,1800,1,0,"60_1_30_1"
0,300,1800,1800,1,0,"60_1_31_0"
0,300,1800,1800,1,0,"60_1_42_0"
0,300,1800,1800,1,0,"60_1_43_1"
0,300,1800,1800,1,0,"60_1_44_0"
0,300,1800,1800,1,0,"60_1_49_0"
0,300,1800,1800,1,0,"60_1_5_0"
0,300,1800,1800,1,0,"60_1_50_0"
0,300,1800,1800,1,0,"60_1_54_1"
0,300,1800,1800,1,0,"6_0_160_0"
0,300,1800,1800,1,0,"60_1_60_0"
0,300,1800,1800,1,0,"6_0_30_1"
0,300,1800,1800,1,0,"6_0_31_0"
0,300,1800,1800,1,0,"6_0_38_1"
0,300,1800,1800,1,0,"6_0_43_1"
0,300,1800,1800,1,0,"6_0_47_0"
0,300,1800,1800,1,0,"6_0_5_0"
0,300,1800,1800,1,0,"6_0_6_0"
0,300,1800,1800,1,0,"6_0_6_1"
0,300,1800,1800,1,0,"607_0_14_0"
0,300,1800,1800,1,0,"607_0_501_0"
0,300,1800,1800,1,0,"608_1_15_0"
0,300,1800,1800,1,0,"609_0_34_0"
0,300,1800,1800,1,0,"61_0_61_1"
0,300,1800,1800,1,0,"6_1_120_0"
0,300,1800,1800,1,0,"6_1_123_0"
0,300,1800,1800,1,0,"6_1_125_0"
0,300,1800,1800,1,0,"6_1_128_0"
0,300,1800,1800,1,0,"6_1_13_0"
0,300,1800,1800,1,0,"6_1_14_0"
0,300,1800,1800,1,0,"61_1_461_0"
0,300,1800,1800,1,0,"6_1_15_0"
0,300,1800,1800,1,0,"61_1_61_0"
0,300,1800,1800,1,0,"6_1_20_0"
0,300,1800,1800,1,0,"6_1_21_0"
0,300,1800,1800,1,0,"6_1_25_0"
0,300,1800,1800,1,0,"6_1_29_0"
0,300,1800,1800,1,0,"6_1_3_0"
0,300,1800,1800,1,0,"613_0_41_1"
0,300,1800,1800,1,0,"613_0_49_0"
0,300,1800,1800,1,0,"6_1_410_0"
0,300,1800,1800,1,0,"6_1_54_0"
0,300,1800,1800,1,0,"6_1_6_1"
0,300,1800,1800,1,0,"6_1_71_0"
0,300,1800,1800,1,0,"6_1_74_0"
0,300,1800,1800,1,0,"6_1_76_0"
0,300,1800,1800,1,0,"6_1_88_0"
0,300,1800,1800,1,0,"620_0_13_0"
0,300,1800,1800,1,0,"624_0_99_0"
0,300,1800,1800,1,0,"640_0_640_0"
0,300,1800,1800,1,0,"650_0_442_0"
0,300,1800,1800,1,0,"660_0_660_0"
0,300,1800,1800,1,0,"670_0_41_1"
0,300,1800,1800,1,0,"670_0_44_0"
0,300,1800,1800,1,0,"674_0_59_0"
0,300,1800,1800,1,0,"693_0_693_0"
0,300,1800,1800,1,0,"71_0_71_0"
0,300,1800,1800,1,0,"71_0_71_1"
0,300,1800,1800,1,0,"71_1_161_0"
0,300,1800,1800,1,0,"71_1_19_0"
0,300,1800,1800,1,0,"71_1_20_0"
0,300,1800,1800,1,0,"71_1_21_0"
0,300,1800,1800,1,0,"71_1_25_0"
0,300,1800,1800,1,0,"71_1_410_0"
0,300,1800,1800,1,0,"71_1_417_0"
0,300,1800,1800,1,0,"71_1_54_0"
0,300,1800,1800,1,0,"71_1_71_0"
0,300,1800,1800,1,0,"71_1_71_1"
0,300,1800,1800,1,0,"71_1_73_0"
0,300,1800,1800,1,0,"71_1_75_0"
0,300,1800,1800,1,0,"71_1_8_0"
0,300,1800,1800,1,0,"71_1_81_0"
0,300,1800,1800,1,0,"71_1_83_0"
0,300,1800,1800,1,0,"71_1_84_0"
0,300,1800,1800,1,0,"73_0_73_0"
0,300,1800,1800,1,0,"73_0_73_1"
0,300,1800,1800,1,0,"73_0_77_0"
0,300,1800,1800,1,0,"73_1_1_0"
0,300,1800,1800,1,0,"73_1_120_0"
0,300,1800,1800,1,0,"73_1_13_0"
0,300,1800,1800,1,0,"73_1_14_0"
0,300,1800,1800,1,0,"73_1_15_0"
0,300,1800,1800,1,0,"73_1_16_0"
0,300,1800,1800,1,0,"73_1_19_0"
0,300,1800,1800,1,0,"73_1_20_0"
0,300,1800,1800,1,0,"73_1_21_0"
0,300,1800,1800,1,0,"73_1_23_0"
0,300,1800,1800,1,0,"73_1_25_0"
0,300,1800,1800,1,0,"73_1_410_0"
0,300,1800,1800,1,0,"73_1_428_0"
0,300,1800,1800,1,0,"73_1_554_0"
0,300,1800,1800,1,0,"73_1_6_0"
0,300,1800,1800,1,0,"73_1_71_0"
0,300,1800,1800,1,0,"73_1_73_0"
0,300,1800,1800,1,0,"73_1_73_1"
0,300,1800,1800,1,0,"73_1_74_0"
0,300,1800,1800,1,0,"73_1_75_0"
0,300,1800,1800,1,0,"73_1_76_0"
0,300,1800,1800,1,0,"73_1_8_0"
0,300,1800,1800,1,0,"73_1_84_0"
0,300,1800,1800,1,0,"73_1_88_0"
0,300,1800,1800,1,0,"73_1_9_0"
0,300,1800,1800,1,0,"74_0_74_1"
0,300,1800,1800,1,0,"74_1_15_0"
0,300,1800,1800,1,0,"74_1_16_0"
0,300,1800,1800,1,0,"74_1_19_0"
0,300,1800,1800,1,0,"74_1_21_0"
0,300,1800,1800,1,0,"74_1_28_0"
0,300,1800,1800,1,0,"74_1_3_0"
0,300,1800,1800,1,0,"74_1_73_0"
0,300,1800,1800,1,0,"74_1_74_0"
0,300,1800,1800,1,0,"74_1_75_0"
0,300,1800,1800,1,0,"74_1_81_0"
0,300,1800,1800,1,0,"74_1_83_0"
0,300,1800,1800,1,0,"74_1_98_0"
0,300,1800,1800,1,0,"75_0_75_0"
0,300,1800,1800,1,0,"75_0_75_1"
0,300,1800,1800,1,0,"75_1_1_0"
0,300,1800,1800,1,0,"75_1_120_0"
0,300,1800,1800,1,0,"75_1_123_0"
0,300,1800,1800,1,0,"75_1_185_0"
0,300,1800,1800,1,0,"75_1_20_0"
0,300,1800,1800,1,0,"75_1_25_0"
0,300,1800,1800,1,0,"75_1_73_0"
0,300,1800,1800,1,0,"75_1_80_0"
0,300,1800,1800,1,0,"75_1_83_0"
0,300,1800,1800,1,0,"75_1_99_0"
0,300,1800,1800,1,0,"76_0_76_0"
0,300,1800,1800,1,0,"76_0_76_1"
0,300,1800,1800,1,0,"76_1_1_0"
0,300,1800,1800,1,0,"76_1_13_0"
0,300,1800,1800,1,0,"76_1_15_0"
0,300,1800,1800,1,0,"76_1_161_0"
0,300,1800,1800,1,0,"76_1_19_0"
0,300,1800,1800,1,0,"76_1_20_0"
0,300,1800,1800,1,0,"76_1_21_0"
0,300,1800,1800,1,0,"76_1_28_0"
0,300,1800,1800,1,0,"76_1_4_1"
0,300,1800,1800,1,0,"76_1_410_0"
0,300,1800,1800,1,0,"76_1_428_0"
0,300,1800,1800,1,0,"76_1_6_0"
0,300,1800,1800,1,0,"76_1_73_0"
0,300,1800,1800,1,0,"76_1_76_0"
0,300,1800,1800,1,0,"76_1_88_0"
0,300,1800,1800,1,0,"77_0_77_1"
0,300,1800,1800,1,0,"77_1_73_1"
0,300,1800,1800,1,0,"77_1_77_0"
0,300,1800,1800,1,0,"77_1_77_1"
0,300,1800,1800,1,0,"78_0_78_0"
0,300,1800,1800,1,0,"78_0_78_1"
0,300,1800,1800,1,0,"78_1_1_0"
0,300,1800,1800,1,0,"78_1_125_0"
0,300,1800,1800,1,0,"78_1_19_0"
0,300,1800,1800,1,0,"78_1_20_0"
0,300,1800,1800,1,0,"78_1_28_0"
0,300,1800,1800,1,0,"78_1_410_0"
0,300,1800,1800,1,0,"78_1_71_0"
0,300,1800,1800,1,0,"78_1_78_0"
0,300,1800,1800,1,0,"78_1_83_0"
0,300,1800,1800,1,0,"80_0_80_0"
0,300,1800,1800,1,0,"80_0_80_1"
0,300,1800,1800,1,0,"80_1_13_0"
0,300,1800,1800,1,0,"80_1_14_0"
0,300,1800,1800,1,0,"80_1_15_0"
0,300,1800,1800,1,0,"80_1_19_0"
0,300,1800,1800,1,0,"80_1_4_1"
0,300,1800,1800,1,0,"80_1_54_0"
0,300,1800,1800,1,0,"80_1_74_0"
0,300,1800,1800,1,0,"80_1_76_0"
0,300,1800,1800,1,0,"80_1_80_0"
0,300,1800,1800,1,0,"80_1_80_1"
0,300,1800,1800,1,0,"8_0_8_0"
0,300,1800,1800,1,0,"8_0_8_1"
0,300,1800,1800,1,0,"81_0_81_0"
0,300,1800,1800,1,0,"81_0_81_1"
0,300,1800,1800,1,0,"8_1_1_0"
0,300,1800,1800,1,0,"81_1_123_0"
0,300,1800,1800,1,0,"81_1_13_0"
0,300,1800,1800,1,0,"81_1_180_0"
0,300,1800,1800,1,0,"81_1_19_0"
0,300,1800,1800,1,0,"81_1_20_0"
0,300,1800,1800,1,0,"8_1_13_0"
0,300,1800,1800,1,0,"81_1_4_1"
0,300,1800,1800,1,0,"81_1_410_0"
0,300,1800,1800,1,0,"81_1_417_0"
0,300,1800,1800,1,0,"8_1_16_0"
0,300,1800,1800,1,0,"81_1_73_0"
0,300,1800,1800,1,0,"81_1_78_0"
0,300,1800,1800,1,0,"81_1_98_0"
0,300,1800,1800,1,0,"81_1_99_0"
0,300,1800,1800,1,0,"8_1_20_0"
0,300,1800,1800,1,0,"8_1_28_0"
0,300,1800,1800,1,0,"8_1_29_0"
0,300,1800,1800,1,0,"8_1_4_1"
0,300,1800,1800,1,0,"8_1_8_0"
0,300,1800,1800,1,0,"8_1_88_0"
0,300,1800,1800,1,0,"82_0_82_0"
0,300,1800,1800,1,0,"82_0_82_1"
0,300,1800,1800,1,0,"82_1_123_0"
0,300,1800,1800,1,0,"82_1_199_0"
0,300,1800,1800,1,0,"82_1_428_0"
0,300,1800,1800,1,0,"82_1_54_0"
0,300,1800,1800,1,0,"82_1_71_0"
0,300,1800,1800,1,0,"82_1_73_0"
0,300,1800,1800,1,0,"82_1_82_0"
0,300,1800,1800,1,0,"83_0_83_0"
0,300,1800,1800,1,0,"83_0_83_1"
0,300,1800,1800,1,0,"83_1_16_0"
0,300,1800,1800,1,0,"83_1_161_0"
0,300,1800,1800,1,0,"83_1_19_0"
0,300,1800,1800,1,0,"83_1_20_0"
0,300,1800,1800,1,0,"83_1_29_0"
0,300,1800,1800,1,0,"83_1_417_0"
0,300,1800,1800,1,0,"83_1_428_0"
0,300,1800,1800,1,0,"83_1_54_0"
0,300,1800,1800,1,0,"83_1_73_0"
0,300,1800,1800,1,0,"83_1_74_0"
0,300,1800,1800,1,0,"83_1_75_0"
0,300,1800,1800,1,0,"83_1_81_0"
0,300,1800,1800,1,0,"83_1_83_0"
0,300,1800,1800,1,0,"83_1_83_1"
0,300,1800,1800,1,0,"83_1_88_0"
0,300,1800,1800,1,0,"83_1_99_0"
0,300,1800,1800,1,0,"84_0_84_0"
0,300,1800,1800,1,0,"84_0_84_1"
0,300,1800,1800,1,0,"84_1_123_0"
0,300,1800,1800,1,0,"84_1_128_0"
0,300,1800,1800,1,0,"84_1_14_0"
0,300,1800,1800,1,0,"84_1_15_0"
0,300,1800,1800,1,0,"84_1_16_0"
0,300,1800,1800,1,0,"84_1_161_0"
0,300,1800,1800,1,0,"84_1_180_0"
0,300,1800,1800,1,0,"84_1_185_0"
0,300,1800,1800,1,0,"84_1_20_0"
0,300,1800,1800,1,0,"84_1_25_0"
0,300,1800,1800,1,0,"84_1_3_0"
0,300,1800,1800,1,0,"84_1_4_1"
0,300,1800,1800,1,0,"84_1_71_0"
0,300,1800,1800,1,0,"84_1_73_0"
0,300,1800,1800,1,0,"84_1_8_0"
0,300,1800,1800,1,0,"84_1_83_0"
0,300,1800,1800,1,0,"84_1_84_0"
0,300,1800,1800,1,0,"84_1_98_0"
0,300,1800,1800,1,0,"85_0_185_1"
0,300,1800,1800,1,0,"85_1_21_0"
0,300,1800,1800,1,0,"85_1_6_0"
0,300,1800,1800,1,0,"88_0_88_0"
0,300,1800,1800,1,0,"88_0_88_1"
0,300,1800,1800,1,0,"88_1_1_0"
0,300,1800,1800,1,0,"88_1_161_0"
0,300,1800,1800,1,0,"88_1_21_0"
0,300,1800,1800,1,0,"88_1_28_0"
0,300,1800,1800,1,0,"88_1_29_0"
0,300,1800,1800,1,0,"88_1_3_0"
0,300,1800,1800,1,0,"88_1_71_0"
0,300,1800,1800,1,0,"88_1_8_0"
0,300,1800,1800,1,0,"88_1_88_0"
0,300,1800,1800,1,0,"9_0_9_1"
0,300,1800,1800,1,0,"9_1_25_0"
0,300,1800,1800,1,0,"9_1_417_0"
0,300,1800,1800,1,0,"9_1_80_0"
0,300,1800,1800,1,0,"9_1_83_0"
0,300,1800,1800,1,0,"9_1_84_0"
0,300,1800,1800,1,0,"9_1_9_0"
0,300,1800,1800,1,0,"93_1_93_1"
0,300,1800,1800,1,0,"98_0_192_1"
0,300,1800,1800,1,0,"98_0_98_0"
0,300,1800,1800,1,0,"98_1_180_0"
0,300,1800,1800,1,0,"98_1_29_0"
0,300,1800,1800,1,0,"98_1_78_0"
0,300,1800,1800,1,0,"98_1_80_0"
0,300,1800,1800,1,0,"98_1_81_0"
0,300,1800,1800,1,0,"98_1_9_0"
0,300,1800,1800,1,0,"99_0_99_0"
0,300,1800,1800,1,0,"99_0_99_1"
0,300,1800,1800,1,0,"99_1_120_0"
0,300,1800,1800,1,0,"99_1_125_0"
0,300,1800,1800,1,0,"99_1_14_0"
0,300,1800,1800,1,0,"99_1_16_0"
0,300,1800,1800,1,0,"99_1_161_0"
0,300,1800,1800,1,0,"99_1_23_0"
0,300,1800,1800,1,0,"99_1_3_0"
0,300,1800,1800,1,0,"99_1_410_0"
0,300,1800,1800,1,0,"99_1_501_0"
0,300,1800,1800,1,0,"99_1_73_0"
0,300,1800,1800,1,0,"99_1_78_0"
0,300,1800,1800,1,0,"99_1_84_0"
0,300,1800,1800,1,0,"99_1_99_0"
