"on_time_a","planned_dur_b","p85_pct_b","range7525_b","planned_layover_sec","ampeak_a","pmpeak_a","route_pair"
0,1900,"0.971985","241.93","0.00000000000000000000",0,1,"1_0_1_0"
0,1900,"0.971985","241.93","0.00000000000000000000",0,1,"1_0_1_1"
0,1900,"0.971985","241.93","431.2500000000000000",0,1,"1_1_1_0"
0,1900,"0.971985","241.93","0.00000000000000000000",0,1,"1_1_1_1"
0,1900,"0.971985","241.93","300.0000000000000000",0,1,"1_1_13_0"
0,1900,"0.971985","241.93","420.0000000000000000",0,1,"1_1_14_0"
0,1900,"0.971985","241.93","660.0000000000000000",0,1,"1_1_15_0"
0,1900,"0.971985","241.93","510.1796407185628743",0,1,"1_1_21_0"
0,1900,"0.971985","241.93","500.0000000000000000",0,1,"1_1_25_0"
0,1900,"0.971985","241.93","461.3793103448275862",0,1,"1_1_29_0"
0,1900,"0.971985","241.93","420.0000000000000000",0,1,"1_1_4_1"
0,1900,"0.971985","241.93","376.0000000000000000",0,1,"1_1_410_0"
0,1900,"0.971985","241.93","420.0000000000000000",0,1,"1_1_428_0"
0,1900,"0.971985","241.93","509.6296296296296296",0,1,"1_1_54_0"
0,1900,"0.971985","241.93","420.0000000000000000",0,1,"1_1_6_0"
0,1900,"0.971985","241.93","449.2500000000000000",0,1,"1_1_71_0"
0,1900,"0.971985","241.93","601.9354838709677419",0,1,"1_1_73_0"
0,1900,"0.971985","241.93","479.6273291925465839",0,1,"1_1_8_0"
0,1900,"0.971985","241.93","332.4324324324324324",0,1,"1_1_83_0"
0,1900,"0.971985","241.93","540.0000000000000000",0,1,"1_1_84_0"
0,1900,"0.971985","241.93","590.1639344262295082",0,1,"1_1_98_0"
0,1900,"0.971985","241.93","360.0000000000000000",0,1,"1_1_99_0"
0,1900,"0.971985","241.93","0.00000000000000000000",0,1,"120_0_120_0"
0,1900,"0.971985","241.93","300.0000000000000000",0,1,"120_0_120_1"
0,1900,"0.971985","241.93","540.0000000000000000",0,1,"120_1_20_0"
0,1900,"0.971985","241.93","480.0000000000000000",0,1,"120_1_410_0"
0,1900,"0.971985","241.93","540.0000000000000000",0,1,"120_1_417_0"
0,1900,"0.971985","241.93","480.0000000000000000",0,1,"120_1_421_0"
0,1900,"0.971985","241.93","420.0000000000000000",0,1,"120_1_6_0"
0,1900,"0.971985","241.93","540.0000000000000000",0,1,"120_1_78_0"
0,1900,"0.971985","241.93","0.00000000000000000000",0,1,"123_0_123_0"
0,1900,"0.971985","241.93","320.4849660523763337",0,1,"123_0_123_1"
0,1900,"0.971985","241.93","240.0000000000000000",0,1,"123_0_29_1"
0,1900,"0.971985","241.93","510.0000000000000000",0,1,"123_1_120_0"
0,1900,"0.971985","241.93","444.9295774647887324",0,1,"123_1_123_0"
0,1900,"0.971985","241.93","0.00000000000000000000",0,1,"123_1_123_1"
0,1900,"0.971985","241.93","840.0000000000000000",0,1,"123_1_13_0"
0,1900,"0.971985","241.93","300.0000000000000000",0,1,"123_1_15_0"
0,1900,"0.971985","241.93","420.0000000000000000",0,1,"123_1_16_0"
0,1900,"0.971985","241.93","420.0000000000000000",0,1,"123_1_161_0"
0,1900,"0.971985","241.93","480.0000000000000000",0,1,"123_1_19_0"
0,1900,"0.971985","241.93","300.0000000000000000",0,1,"123_1_20_0"
0,1900,"0.971985","241.93","420.0000000000000000",0,1,"123_1_21_0"
0,1900,"0.971985","241.93","660.0000000000000000",0,1,"123_1_3_0"
0,1900,"0.971985","241.93","420.0000000000000000",0,1,"123_1_4_1"
0,1900,"0.971985","241.93","360.0000000000000000",0,1,"123_1_417_0"
0,1900,"0.971985","241.93","639.3442622950819672",0,1,"123_1_54_0"
0,1900,"0.971985","241.93","540.0000000000000000",0,1,"123_1_71_0"
0,1900,"0.971985","241.93","600.0000000000000000",0,1,"123_1_74_0"
0,1900,"0.971985","241.93","480.8219178082191781",0,1,"123_1_75_0"
0,1900,"0.971985","241.93","420.0000000000000000",0,1,"123_1_76_0"
0,1900,"0.971985","241.93","540.0000000000000000",0,1,"123_1_81_0"
0,1900,"0.971985","241.93","540.0000000000000000",0,1,"123_1_82_0"
0,1900,"0.971985","241.93","0.00000000000000000000",0,1,"125_0_125_0"
0,1900,"0.971985","241.93","420.0000000000000000",0,1,"125_1_120_0"
0,1900,"0.971985","241.93","0.00000000000000000000",0,1,"125_1_125_1"
0,1900,"0.971985","241.93","420.0000000000000000",0,1,"125_1_16_0"
0,1900,"0.971985","241.93","480.0000000000000000",0,1,"125_1_417_0"
0,1900,"0.971985","241.93","420.0000000000000000",0,1,"125_1_428_0"
0,1900,"0.971985","241.93","420.0000000000000000",0,1,"125_1_73_0"
0,1900,"0.971985","241.93","420.0000000000000000",0,1,"125_1_84_0"
0,1900,"0.971985","241.93","420.0000000000000000",0,1,"125_1_99_0"
0,1900,"0.971985","241.93","330.7692307692307692",0,1,"128_0_128_1"
0,1900,"0.971985","241.93","840.0000000000000000",0,1,"128_0_199_1"
0,1900,"0.971985","241.93","480.0000000000000000",0,1,"128_1_21_0"
0,1900,"0.971985","241.93","600.0000000000000000",0,1,"128_1_83_0"
0,1900,"0.971985","241.93","420.0000000000000000",0,1,"128_1_84_0"
0,1900,"0.971985","241.93","0.00000000000000000000",0,1,"13_0_13_0"
0,1900,"0.971985","241.93","400.9609609609609610",0,1,"13_0_13_1"
0,1900,"0.971985","241.93","360.0000000000000000",0,1,"13_0_15_1"
0,1900,"0.971985","241.93","300.0000000000000000",0,1,"13_0_30_1"
0,1900,"0.971985","241.93","489.0000000000000000",0,1,"13_0_37_0"
0,1900,"0.971985","241.93","300.0000000000000000",0,1,"13_0_42_0"
0,1900,"0.971985","241.93","420.0000000000000000",0,1,"13_0_43_1"
0,1900,"0.971985","241.93","420.0000000000000000",0,1,"13_0_47_0"
0,1900,"0.971985","241.93","300.0000000000000000",0,1,"13_0_5_0"
0,1900,"0.971985","241.93","540.0000000000000000",0,1,"13_1_1_0"
0,1900,"0.971985","241.93","360.0000000000000000",0,1,"13_1_123_0"
0,1900,"0.971985","241.93","360.0000000000000000",0,1,"13_1_125_0"
0,1900,"0.971985","241.93","525.2542372881355932",0,1,"13_1_13_0"
0,1900,"0.971985","241.93","0.00000000000000000000",0,1,"13_1_13_1"
0,1900,"0.971985","241.93","578.3606557377049180",0,1,"13_1_15_0"
0,1900,"0.971985","241.93","540.0000000000000000",0,1,"13_1_16_0"
0,1900,"0.971985","241.93","720.0000000000000000",0,1,"13_1_25_0"
0,1900,"0.971985","241.93","300.0000000000000000",0,1,"13_1_28_0"
0,1900,"0.971985","241.93","420.0000000000000000",0,1,"13_1_29_0"
0,1900,"0.971985","241.93","556.6386554621848739",0,1,"13_1_4_1"
0,1900,"0.971985","241.93","517.3770491803278689",0,1,"13_1_410_0"
0,1900,"0.971985","241.93","420.0000000000000000",0,1,"13_1_421_0"
0,1900,"0.971985","241.93","420.1846153846153846",0,1,"13_1_6_0"
0,1900,"0.971985","241.93","420.0000000000000000",0,1,"13_1_73_0"
0,1900,"0.971985","241.93","521.5094339622641509",0,1,"13_1_74_0"
0,1900,"0.971985","241.93","480.0000000000000000",0,1,"13_1_8_0"
0,1900,"0.971985","241.93","0.00000000000000000000",0,1,"132_0_132_0"
0,1900,"0.971985","241.93","165.2254335260115607",0,1,"132_0_132_1"
0,1900,"0.971985","241.93","300.0000000000000000",0,1,"132_0_88_1"
0,1900,"0.971985","241.93","391.0931174089068826",0,1,"132_1_132_0"
0,1900,"0.971985","241.93","0.00000000000000000000",0,1,"132_1_132_1"
0,1900,"0.971985","241.93","300.0000000000000000",0,1,"132_1_192_0"
0,1900,"0.971985","241.93","457.5000000000000000",0,1,"132_1_32_0"
0,1900,"0.971985","241.93","493.3333333333333333",0,1,"132_1_38_0"
0,1900,"0.971985","241.93","554.5945945945945946",0,1,"132_1_4_0"
0,1900,"0.971985","241.93","420.0000000000000000",0,1,"132_1_47_1"
0,1900,"0.971985","241.93","533.9130434782608696",0,1,"14_0_132_0"
0,1900,"0.971985","241.93","0.00000000000000000000",0,1,"14_0_14_0"
0,1900,"0.971985","241.93","365.3333333333333333",0,1,"14_0_14_1"
0,1900,"0.971985","241.93","330.3614457831325301",0,1,"14_0_32_0"
0,1900,"0.971985","241.93","480.0000000000000000",0,1,"14_0_4_0"
0,1900,"0.971985","241.93","300.0000000000000000",0,1,"14_1_1_0"
0,1900,"0.971985","241.93","360.0000000000000000",0,1,"14_1_123_0"
0,1900,"0.971985","241.93","600.0000000000000000",0,1,"14_1_13_0"
0,1900,"0.971985","241.93","600.7317073170731707",0,1,"14_1_14_0"
0,1900,"0.971985","241.93","0.00000000000000000000",0,1,"14_1_14_1"
0,1900,"0.971985","241.93","524.7619047619047619",0,1,"14_1_15_0"
0,1900,"0.971985","241.93","521.0526315789473684",0,1,"14_1_19_0"
0,1900,"0.971985","241.93","780.0000000000000000",0,1,"14_1_28_0"
0,1900,"0.971985","241.93","420.0000000000000000",0,1,"14_1_3_0"
0,1900,"0.971985","241.93","540.0000000000000000",0,1,"14_1_4_1"
0,1900,"0.971985","241.93","820.6451612903225806",0,1,"14_1_54_0"
0,1900,"0.971985","241.93","624.8780487804878049",0,1,"14_1_6_0"
0,1900,"0.971985","241.93","540.0000000000000000",0,1,"14_1_73_0"
0,1900,"0.971985","241.93","420.0000000000000000",0,1,"14_1_88_0"
0,1900,"0.971985","241.93","389.6385542168674699",0,1,"14_1_99_0"
0,1900,"0.971985","241.93","0.00000000000000000000",0,1,"15_0_15_0"
0,1900,"0.971985","241.93","472.7930535455861071",0,1,"15_0_15_1"
0,1900,"0.971985","241.93","541.5189873417721519",0,1,"15_0_160_0"
0,1900,"0.971985","241.93","360.0000000000000000",0,1,"15_0_31_0"
0,1900,"0.971985","241.93","540.0000000000000000",0,1,"15_0_37_0"
0,1900,"0.971985","241.93","360.0000000000000000",0,1,"15_0_42_0"
0,1900,"0.971985","241.93","360.0000000000000000",0,1,"15_0_43_1"
0,1900,"0.971985","241.93","360.0000000000000000",0,1,"15_0_47_0"
0,1900,"0.971985","241.93","660.0000000000000000",0,1,"15_0_5_0"
0,1900,"0.971985","241.93","664.5000000000000000",0,1,"15_0_60_0"
0,1900,"0.971985","241.93","360.0000000000000000",0,1,"15_1_13_0"
0,1900,"0.971985","241.93","390.3703703703703704",0,1,"15_1_14_0"
0,1900,"0.971985","241.93","573.0612244897959184",0,1,"15_1_15_0"
0,1900,"0.971985","241.93","0.00000000000000000000",0,1,"15_1_15_1"
0,1900,"0.971985","241.93","721.4814814814814815",0,1,"15_1_21_0"
0,1900,"0.971985","241.93","360.0000000000000000",0,1,"15_1_23_0"
0,1900,"0.971985","241.93","420.0000000000000000",0,1,"15_1_3_0"
0,1900,"0.971985","241.93","720.0000000000000000",0,1,"15_1_410_0"
0,1900,"0.971985","241.93","516.9458128078817734",0,1,"15_1_6_0"
0,1900,"0.971985","241.93","300.0000000000000000",0,1,"15_1_71_0"
0,1900,"0.971985","241.93","480.0000000000000000",0,1,"15_1_73_0"
0,1900,"0.971985","241.93","480.0000000000000000",0,1,"15_1_8_0"
0,1900,"0.971985","241.93","300.0000000000000000",0,1,"15_1_80_0"
0,1900,"0.971985","241.93","600.0000000000000000",0,1,"15_1_83_0"
0,1900,"0.971985","241.93","654.7058823529411765",0,1,"15_1_84_0"
0,1900,"0.971985","241.93","0.00000000000000000000",0,1,"160_0_160_0"
0,1900,"0.971985","241.93","280.2874743326488706",0,1,"160_0_160_1"
0,1900,"0.971985","241.93","444.3037974683544304",0,1,"160_1_13_1"
0,1900,"0.971985","241.93","448.1927710843373494",0,1,"160_1_15_1"
0,1900,"0.971985","241.93","600.0000000000000000",0,1,"160_1_160_0"
0,1900,"0.971985","241.93","0.00000000000000000000",0,1,"160_1_160_1"
0,1900,"0.971985","241.93","415.5555555555555556",0,1,"160_1_31_0"
0,1900,"0.971985","241.93","300.0000000000000000",0,1,"160_1_33_0"
0,1900,"0.971985","241.93","360.4800000000000000",0,1,"160_1_38_1"
0,1900,"0.971985","241.93","660.0000000000000000",0,1,"160_1_42_0"
0,1900,"0.971985","241.93","780.0000000000000000",0,1,"160_1_43_1"
0,1900,"0.971985","241.93","449.2771084337349398",0,1,"160_1_5_0"
0,1900,"0.971985","241.93","390.0000000000000000",0,1,"160_1_50_0"
0,1900,"0.971985","241.93","0.00000000000000000000",0,1,"16_0_16_0"
0,1900,"0.971985","241.93","600.0000000000000000",0,1,"160_1_60_0"
0,1900,"0.971985","241.93","0.00000000000000000000",0,1,"16_0_16_1"
0,1900,"0.971985","241.93","0.00000000000000000000",0,1,"161_0_161_0"
0,1900,"0.971985","241.93","358.0165289256198347",0,1,"161_0_161_1"
0,1900,"0.971985","241.93","420.0000000000000000",0,1,"161_1_123_0"
0,1900,"0.971985","241.93","540.0000000000000000",0,1,"161_1_16_0"
0,1900,"0.971985","241.93","505.5445544554455446",0,1,"161_1_161_0"
0,1900,"0.971985","241.93","420.0000000000000000",0,1,"161_1_185_0"
0,1900,"0.971985","241.93","660.0000000000000000",0,1,"161_1_20_0"
0,1900,"0.971985","241.93","388.8607594936708861",0,1,"16_1_123_0"
0,1900,"0.971985","241.93","420.0000000000000000",0,1,"16_1_125_0"
0,1900,"0.971985","241.93","600.0000000000000000",0,1,"16_1_13_0"
0,1900,"0.971985","241.93","420.0000000000000000",0,1,"16_1_14_0"
0,1900,"0.971985","241.93","300.0000000000000000",0,1,"161_1_410_0"
0,1900,"0.971985","241.93","450.3703703703703704",0,1,"161_1_417_0"
0,1900,"0.971985","241.93","480.0000000000000000",0,1,"16_1_15_0"
0,1900,"0.971985","241.93","486.9406392694063927",0,1,"16_1_16_0"
0,1900,"0.971985","241.93","420.0000000000000000",0,1,"16_1_161_0"
0,1900,"0.971985","241.93","420.0000000000000000",0,1,"161_1_73_0"
0,1900,"0.971985","241.93","420.0000000000000000",0,1,"161_1_82_0"
0,1900,"0.971985","241.93","512.2500000000000000",0,1,"161_1_88_0"
0,1900,"0.971985","241.93","420.0000000000000000",0,1,"16_1_19_0"
0,1900,"0.971985","241.93","450.0000000000000000",0,1,"16_1_20_0"
0,1900,"0.971985","241.93","420.0000000000000000",0,1,"16_1_21_0"
0,1900,"0.971985","241.93","480.0000000000000000",0,1,"16_1_25_0"
0,1900,"0.971985","241.93","360.0000000000000000",0,1,"16_1_410_0"
0,1900,"0.971985","241.93","480.0000000000000000",0,1,"16_1_428_0"
0,1900,"0.971985","241.93","360.0000000000000000",0,1,"16_1_506_0"
0,1900,"0.971985","241.93","480.0000000000000000",0,1,"16_1_71_0"
0,1900,"0.971985","241.93","420.0000000000000000",0,1,"16_1_73_0"
0,1900,"0.971985","241.93","840.0000000000000000",0,1,"16_1_75_0"
0,1900,"0.971985","241.93","420.0000000000000000",0,1,"16_1_80_0"
0,1900,"0.971985","241.93","680.6896551724137931",0,1,"16_1_81_0"
0,1900,"0.971985","241.93","325.2631578947368421",0,1,"16_1_84_0"
0,1900,"0.971985","241.93","420.0000000000000000",0,1,"16_1_9_0"
0,1900,"0.971985","241.93","420.0000000000000000",0,1,"16_1_99_0"
0,1900,"0.971985","241.93","0.00000000000000000000",0,1,"170_0_170_0"
0,1900,"0.971985","241.93","121.8987341772151899",0,1,"170_0_170_1"
0,1900,"0.971985","241.93","243.0941704035874439",0,1,"170_1_170_0"
0,1900,"0.971985","241.93","0.00000000000000000000",0,1,"170_1_170_1"
0,1900,"0.971985","241.93","0.00000000000000000000",0,1,"180_0_180_0"
0,1900,"0.971985","241.93","477.7914110429447853",0,1,"180_0_180_1"
0,1900,"0.971985","241.93","480.0000000000000000",0,1,"180_1_13_0"
0,1900,"0.971985","241.93","721.4814814814814815",0,1,"180_1_180_0"
0,1900,"0.971985","241.93","0.00000000000000000000",0,1,"180_1_180_1"
0,1900,"0.971985","241.93","480.0000000000000000",0,1,"180_1_19_0"
0,1900,"0.971985","241.93","420.0000000000000000",0,1,"180_1_3_0"
0,1900,"0.971985","241.93","480.0000000000000000",0,1,"180_1_82_0"
0,1900,"0.971985","241.93","420.0000000000000000",0,1,"180_1_85_0"
0,1900,"0.971985","241.93","120.0000000000000000",0,1,"185_0_85_1"
0,1900,"0.971985","241.93","540.0000000000000000",0,1,"185_1_16_0"
0,1900,"0.971985","241.93","540.0000000000000000",0,1,"185_1_4_1"
0,1900,"0.971985","241.93","420.0000000000000000",0,1,"185_1_71_0"
0,1900,"0.971985","241.93","420.0000000000000000",0,1,"185_1_85_0"
0,1900,"0.971985","241.93","0.00000000000000000000",0,1,"19_0_19_0"
0,1900,"0.971985","241.93","0.00000000000000000000",0,1,"19_0_19_1"
0,1900,"0.971985","241.93","420.0000000000000000",0,1,"19_1_120_0"
0,1900,"0.971985","241.93","420.0000000000000000",0,1,"19_1_13_0"
0,1900,"0.971985","241.93","420.0000000000000000",0,1,"19_1_180_0"
0,1900,"0.971985","241.93","469.6755994358251058",0,1,"19_1_19_0"
0,1900,"0.971985","241.93","0.00000000000000000000",0,1,"19_1_19_1"
0,1900,"0.971985","241.93","479.2771084337349398",0,1,"19_1_199_0"
0,1900,"0.971985","241.93","523.5483870967741935",0,1,"19_1_20_0"
0,1900,"0.971985","241.93","419.0163934426229508",0,1,"19_1_25_0"
0,1900,"0.971985","241.93","300.0000000000000000",0,1,"19_1_28_0"
0,1900,"0.971985","241.93","660.0000000000000000",0,1,"19_1_3_0"
0,1900,"0.971985","241.93","420.0000000000000000",0,1,"19_1_417_0"
0,1900,"0.971985","241.93","688.1927710843373494",0,1,"19_1_428_0"
0,1900,"0.971985","241.93","420.0000000000000000",0,1,"19_1_73_0"
0,1900,"0.971985","241.93","600.0000000000000000",0,1,"19_1_75_0"
0,1900,"0.971985","241.93","500.0000000000000000",0,1,"19_1_81_0"
0,1900,"0.971985","241.93","480.0000000000000000",0,1,"19_1_85_0"
0,1900,"0.971985","241.93","0.00000000000000000000",0,1,"192_0_192_0"
0,1900,"0.971985","241.93","840.0000000000000000",0,1,"192_0_428_1"
0,1900,"0.971985","241.93","780.0000000000000000",0,1,"192_1_132_0"
0,1900,"0.971985","241.93","628.1481481481481481",0,1,"192_1_47_1"
0,1900,"0.971985","241.93","600.0000000000000000",0,1,"199_0_98_1"
0,1900,"0.971985","241.93","420.0000000000000000",0,1,"199_1_123_0"
0,1900,"0.971985","241.93","540.0000000000000000",0,1,"199_1_25_0"
0,1900,"0.971985","241.93","420.0000000000000000",0,1,"199_1_83_0"
0,1900,"0.971985","241.93","0.00000000000000000000",0,1,"20_0_20_0"
0,1900,"0.971985","241.93","0.00000000000000000000",0,1,"20_0_20_1"
0,1900,"0.971985","241.93","420.0000000000000000",0,1,"20_1_123_0"
0,1900,"0.971985","241.93","540.0000000000000000",0,1,"20_1_14_0"
0,1900,"0.971985","241.93","489.8400000000000000",0,1,"20_1_16_0"
0,1900,"0.971985","241.93","420.0000000000000000",0,1,"20_1_19_0"
0,1900,"0.971985","241.93","600.0000000000000000",0,1,"20_1_20_0"
0,1900,"0.971985","241.93","0.00000000000000000000",0,1,"20_1_20_1"
0,1900,"0.971985","241.93","300.0000000000000000",0,1,"20_1_21_0"
0,1900,"0.971985","241.93","420.0000000000000000",0,1,"20_1_3_0"
0,1900,"0.971985","241.93","420.0000000000000000",0,1,"20_1_4_1"
0,1900,"0.971985","241.93","460.2144772117962466",0,1,"20_1_410_0"
0,1900,"0.971985","241.93","510.0000000000000000",0,1,"20_1_428_0"
0,1900,"0.971985","241.93","518.1818181818181818",0,1,"20_1_54_0"
0,1900,"0.971985","241.93","600.0000000000000000",0,1,"20_1_71_0"
0,1900,"0.971985","241.93","480.0000000000000000",0,1,"20_1_73_0"
0,1900,"0.971985","241.93","420.0000000000000000",0,1,"20_1_76_0"
0,1900,"0.971985","241.93","540.0000000000000000",0,1,"20_1_78_0"
0,1900,"0.971985","241.93","459.3442622950819672",0,1,"20_1_8_0"
0,1900,"0.971985","241.93","420.0000000000000000",0,1,"20_1_81_0"
0,1900,"0.971985","241.93","420.0000000000000000",0,1,"20_1_84_0"
0,1900,"0.971985","241.93","420.0000000000000000",0,1,"20_1_88_0"
0,1900,"0.971985","241.93","0.00000000000000000000",0,1,"21_0_21_0"
0,1900,"0.971985","241.93","133.0845481049562682",0,1,"21_0_21_1"
0,1900,"0.971985","241.93","780.0000000000000000",0,1,"21_1_1_0"
0,1900,"0.971985","241.93","323.5294117647058824",0,1,"21_1_14_0"
0,1900,"0.971985","241.93","358.5365853658536585",0,1,"21_1_15_0"
0,1900,"0.971985","241.93","444.4444444444444444",0,1,"21_1_16_0"
0,1900,"0.971985","241.93","660.0000000000000000",0,1,"21_1_19_0"
0,1900,"0.971985","241.93","420.0000000000000000",0,1,"21_1_20_0"
0,1900,"0.971985","241.93","540.9863013698630137",0,1,"21_1_21_0"
0,1900,"0.971985","241.93","0.00000000000000000000",0,1,"21_1_21_1"
0,1900,"0.971985","241.93","420.0000000000000000",0,1,"21_1_29_0"
0,1900,"0.971985","241.93","525.3658536585365854",0,1,"21_1_4_1"
0,1900,"0.971985","241.93","660.0000000000000000",0,1,"21_1_417_0"
0,1900,"0.971985","241.93","660.0000000000000000",0,1,"21_1_428_0"
0,1900,"0.971985","241.93","780.0000000000000000",0,1,"21_1_54_0"
0,1900,"0.971985","241.93","360.0000000000000000",0,1,"21_1_6_0"
0,1900,"0.971985","241.93","360.0000000000000000",0,1,"21_1_73_0"
0,1900,"0.971985","241.93","420.0000000000000000",0,1,"21_1_74_0"
0,1900,"0.971985","241.93","660.0000000000000000",0,1,"21_1_75_0"
0,1900,"0.971985","241.93","360.0000000000000000",0,1,"21_1_84_0"
0,1900,"0.971985","241.93","300.0000000000000000",0,1,"22_0_161_1"
0,1900,"0.971985","241.93","329.2682926829268293",0,1,"22_0_22_1"
0,1900,"0.971985","241.93","388.5294117647058824",0,1,"22_1_22_0"
0,1900,"0.971985","241.93","120.0000000000000000",0,1,"23_0_23_1"
0,1900,"0.971985","241.93","0.00000000000000000000",0,1,"23_1_23_1"
0,1900,"0.971985","241.93","600.0000000000000000",0,1,"23_1_3_0"
0,1900,"0.971985","241.93","540.0000000000000000",0,1,"23_1_417_0"
0,1900,"0.971985","241.93","480.0000000000000000",0,1,"23_1_73_0"
0,1900,"0.971985","241.93","480.0000000000000000",0,1,"23_1_81_0"
0,1900,"0.971985","241.93","0.00000000000000000000",0,1,"25_0_25_0"
0,1900,"0.971985","241.93","260.2264150943396226",0,1,"25_0_25_1"
0,1900,"0.971985","241.93","420.7228915662650602",0,1,"25_1_16_0"
0,1900,"0.971985","241.93","720.0000000000000000",0,1,"25_1_20_0"
0,1900,"0.971985","241.93","360.0000000000000000",0,1,"25_1_21_0"
0,1900,"0.971985","241.93","509.0909090909090909",0,1,"25_1_25_0"
0,1900,"0.971985","241.93","420.0000000000000000",0,1,"25_1_3_0"
0,1900,"0.971985","241.93","540.0000000000000000",0,1,"25_1_417_0"
0,1900,"0.971985","241.93","540.0000000000000000",0,1,"25_1_71_0"
0,1900,"0.971985","241.93","480.0000000000000000",0,1,"25_1_73_0"
0,1900,"0.971985","241.93","540.0000000000000000",0,1,"25_1_78_0"
0,1900,"0.971985","241.93","540.0000000000000000",0,1,"25_1_81_0"
0,1900,"0.971985","241.93","420.0000000000000000",0,1,"25_1_84_0"
0,1900,"0.971985","241.93","420.0000000000000000",0,1,"25_1_9_0"
0,1900,"0.971985","241.93","480.0000000000000000",0,1,"25_1_99_0"
0,1900,"0.971985","241.93","0.00000000000000000000",0,1,"28_0_28_0"
0,1900,"0.971985","241.93","527.2868217054263566",0,1,"28_0_28_1"
0,1900,"0.971985","241.93","484.0065146579804560",0,1,"28_1_28_0"
0,1900,"0.971985","241.93","0.00000000000000000000",0,1,"28_1_28_1"
0,1900,"0.971985","241.93","300.0000000000000000",0,1,"28_1_6_0"
0,1900,"0.971985","241.93","600.2926829268292683",0,1,"28_1_8_0"
0,1900,"0.971985","241.93","557.7358490566037736",0,1,"28_1_88_0"
0,1900,"0.971985","241.93","0.00000000000000000000",0,1,"284_1_284_1"
0,1900,"0.971985","241.93","0.00000000000000000000",0,1,"29_0_29_0"
0,1900,"0.971985","241.93","0.00000000000000000000",0,1,"29_0_29_1"
0,1900,"0.971985","241.93","360.0000000000000000",0,1,"29_1_1_0"
0,1900,"0.971985","241.93","320.6250000000000000",0,1,"29_1_14_0"
0,1900,"0.971985","241.93","420.0000000000000000",0,1,"29_1_16_0"
0,1900,"0.971985","241.93","300.0000000000000000",0,1,"29_1_21_0"
0,1900,"0.971985","241.93","540.0000000000000000",0,1,"29_1_25_0"
0,1900,"0.971985","241.93","447.0422535211267606",0,1,"29_1_28_0"
0,1900,"0.971985","241.93","450.5454545454545455",0,1,"29_1_29_0"
0,1900,"0.971985","241.93","0.00000000000000000000",0,1,"29_1_29_1"
0,1900,"0.971985","241.93","480.0000000000000000",0,1,"29_1_410_0"
0,1900,"0.971985","241.93","480.0000000000000000",0,1,"29_1_417_0"
0,1900,"0.971985","241.93","539.6296296296296296",0,1,"29_1_6_0"
0,1900,"0.971985","241.93","480.0000000000000000",0,1,"29_1_607_1"
0,1900,"0.971985","241.93","646.0714285714285714",0,1,"29_1_84_0"
0,1900,"0.971985","241.93","660.0000000000000000",0,1,"29_1_98_0"
0,1900,"0.971985","241.93","420.0000000000000000",0,1,"29_1_99_0"
0,1900,"0.971985","241.93","433.8916256157635468",0,1,"30_1_30_1"
0,1900,"0.971985","241.93","420.0000000000000000",0,1,"30_1_33_0"
0,1900,"0.971985","241.93","360.0000000000000000",0,1,"30_1_38_1"
0,1900,"0.971985","241.93","480.0000000000000000",0,1,"30_1_47_0"
0,1900,"0.971985","241.93","720.0000000000000000",0,1,"30_1_50_0"
0,1900,"0.971985","241.93","300.0000000000000000",0,1,"30_1_60_0"
0,1900,"0.971985","241.93","0.00000000000000000000",0,1,"3_0_3_0"
0,1900,"0.971985","241.93","0.00000000000000000000",0,1,"3_0_3_1"
0,1900,"0.971985","241.93","120.0000000000000000",0,1,"31_0_31_1"
0,1900,"0.971985","241.93","480.0000000000000000",0,1,"3_1_1_0"
0,1900,"0.971985","241.93","300.0000000000000000",0,1,"31_1_15_1"
0,1900,"0.971985","241.93","300.0000000000000000",0,1,"31_1_160_0"
0,1900,"0.971985","241.93","660.0000000000000000",0,1,"3_1_123_0"
0,1900,"0.971985","241.93","542.0869565217391304",0,1,"31_1_38_1"
0,1900,"0.971985","241.93","660.0000000000000000",0,1,"3_1_14_0"
0,1900,"0.971985","241.93","333.5467980295566502",0,1,"31_1_41_1"
0,1900,"0.971985","241.93","300.0000000000000000",0,1,"31_1_42_0"
0,1900,"0.971985","241.93","615.7894736842105263",0,1,"31_1_44_0"
0,1900,"0.971985","241.93","300.0000000000000000",0,1,"31_1_46_0"
0,1900,"0.971985","241.93","360.0000000000000000",0,1,"31_1_47_0"
0,1900,"0.971985","241.93","420.0000000000000000",0,1,"3_1_15_0"
0,1900,"0.971985","241.93","660.0000000000000000",0,1,"31_1_5_0"
0,1900,"0.971985","241.93","720.0000000000000000",0,1,"31_1_50_0"
0,1900,"0.971985","241.93","692.2500000000000000",0,1,"31_1_60_0"
0,1900,"0.971985","241.93","420.0000000000000000",0,1,"3_1_185_0"
0,1900,"0.971985","241.93","480.0000000000000000",0,1,"3_1_20_0"
0,1900,"0.971985","241.93","582.3411371237458194",0,1,"3_1_3_0"
0,1900,"0.971985","241.93","0.00000000000000000000",0,1,"3_1_3_1"
0,1900,"0.971985","241.93","420.0000000000000000",0,1,"3_1_417_0"
0,1900,"0.971985","241.93","420.0000000000000000",0,1,"3_1_421_0"
0,1900,"0.971985","241.93","598.8118811881188119",0,1,"3_1_54_0"
0,1900,"0.971985","241.93","420.0000000000000000",0,1,"3_1_73_0"
0,1900,"0.971985","241.93","420.0000000000000000",0,1,"3_1_74_0"
0,1900,"0.971985","241.93","840.0000000000000000",0,1,"3_1_75_0"
0,1900,"0.971985","241.93","0.00000000000000000000",0,1,"32_0_32_0"
0,1900,"0.971985","241.93","189.8630136986301370",0,1,"32_0_32_1"
0,1900,"0.971985","241.93","361.4634146341463415",0,1,"32_1_132_0"
0,1900,"0.971985","241.93","360.0000000000000000",0,1,"32_1_14_1"
0,1900,"0.971985","241.93","660.0000000000000000",0,1,"32_1_192_0"
0,1900,"0.971985","241.93","459.5121951219512195",0,1,"32_1_32_0"
0,1900,"0.971985","241.93","0.00000000000000000000",0,1,"32_1_32_1"
0,1900,"0.971985","241.93","589.2592592592592593",0,1,"32_1_38_0"
0,1900,"0.971985","241.93","530.5691056910569106",0,1,"32_1_4_0"
0,1900,"0.971985","241.93","0.00000000000000000000",0,1,"33_0_33_0"
0,1900,"0.971985","241.93","0.00000000000000000000",0,1,"33_0_33_1"
0,1900,"0.971985","241.93","300.0000000000000000",0,1,"33_1_160_0"
0,1900,"0.971985","241.93","540.0000000000000000",0,1,"33_1_37_0"
0,1900,"0.971985","241.93","780.0000000000000000",0,1,"33_1_37_1"
0,1900,"0.971985","241.93","360.0000000000000000",0,1,"33_1_42_0"
0,1900,"0.971985","241.93","420.0000000000000000",0,1,"33_1_46_0"
0,1900,"0.971985","241.93","480.0000000000000000",0,1,"33_1_49_0"
0,1900,"0.971985","241.93","420.0000000000000000",0,1,"33_1_50_0"
0,1900,"0.971985","241.93","420.0000000000000000",0,1,"33_1_59_0"
0,1900,"0.971985","241.93","0.00000000000000000000",0,1,"34_0_34_0"
0,1900,"0.971985","241.93","0.00000000000000000000",0,1,"34_0_34_1"
0,1900,"0.971985","241.93","593.2075471698113208",0,1,"34_1_34_0"
0,1900,"0.971985","241.93","0.00000000000000000000",0,1,"34_1_34_1"
0,1900,"0.971985","241.93","300.0000000000000000",0,1,"34_1_38_1"
0,1900,"0.971985","241.93","480.0000000000000000",0,1,"34_1_44_0"
0,1900,"0.971985","241.93","360.0000000000000000",0,1,"34_1_49_0"
0,1900,"0.971985","241.93","360.0000000000000000",0,1,"34_1_5_0"
0,1900,"0.971985","241.93","0.00000000000000000000",0,1,"37_0_37_1"
0,1900,"0.971985","241.93","540.0000000000000000",0,1,"37_1_160_0"
0,1900,"0.971985","241.93","300.0000000000000000",0,1,"37_1_37_0"
0,1900,"0.971985","241.93","300.0000000000000000",0,1,"37_1_46_0"
0,1900,"0.971985","241.93","300.0000000000000000",0,1,"37_1_542_1"
0,1900,"0.971985","241.93","360.0000000000000000",0,1,"38_0_160_0"
0,1900,"0.971985","241.93","419.4174757281553398",0,1,"38_0_31_0"
0,1900,"0.971985","241.93","420.0000000000000000",0,1,"38_0_37_0"
0,1900,"0.971985","241.93","599.2682926829268293",0,1,"38_0_38_1"
0,1900,"0.971985","241.93","561.6393442622950820",0,1,"38_0_42_0"
0,1900,"0.971985","241.93","480.0000000000000000",0,1,"38_0_44_0"
0,1900,"0.971985","241.93","545.0847457627118644",0,1,"38_0_46_0"
0,1900,"0.971985","241.93","480.0000000000000000",0,1,"38_0_47_0"
0,1900,"0.971985","241.93","300.0000000000000000",0,1,"38_0_49_0"
0,1900,"0.971985","241.93","480.0000000000000000",0,1,"38_0_5_0"
0,1900,"0.971985","241.93","780.0000000000000000",0,1,"38_0_6_1"
0,1900,"0.971985","241.93","455.0000000000000000",0,1,"38_1_132_0"
0,1900,"0.971985","241.93","510.5027932960893855",0,1,"38_1_14_1"
0,1900,"0.971985","241.93","476.4356435643564356",0,1,"38_1_32_0"
0,1900,"0.971985","241.93","512.8730512249443207",0,1,"38_1_38_0"
0,1900,"0.971985","241.93","0.00000000000000000000",0,1,"38_1_38_1"
0,1900,"0.971985","241.93","470.0970873786407767",0,1,"38_1_4_0"
0,1900,"0.971985","241.93","420.0000000000000000",0,1,"4_0_1_0"
0,1900,"0.971985","241.93","540.0000000000000000",0,1,"4_0_123_0"
0,1900,"0.971985","241.93","397.1186440677966102",0,1,"4_0_13_0"
0,1900,"0.971985","241.93","660.0000000000000000",0,1,"4_0_15_0"
0,1900,"0.971985","241.93","360.0000000000000000",0,1,"4_0_19_0"
0,1900,"0.971985","241.93","569.6202531645569620",0,1,"4_0_20_0"
0,1900,"0.971985","241.93","477.5342465753424658",0,1,"4_0_21_0"
0,1900,"0.971985","241.93","360.0000000000000000",0,1,"4_0_28_0"
0,1900,"0.971985","241.93","420.0000000000000000",0,1,"4_0_3_0"
0,1900,"0.971985","241.93","500.0000000000000000",0,1,"4_0_4_1"
0,1900,"0.971985","241.93","660.0000000000000000",0,1,"4_0_417_0"
0,1900,"0.971985","241.93","480.0000000000000000",0,1,"4_0_421_0"
0,1900,"0.971985","241.93","449.6385542168674699",0,1,"4_0_54_0"
0,1900,"0.971985","241.93","480.0000000000000000",0,1,"4_0_73_0"
0,1900,"0.971985","241.93","840.0000000000000000",0,1,"4_0_76_0"
0,1900,"0.971985","241.93","660.0000000000000000",0,1,"4_0_8_0"
0,1900,"0.971985","241.93","480.0000000000000000",0,1,"4_0_80_0"
0,1900,"0.971985","241.93","720.0000000000000000",0,1,"4_0_81_0"
0,1900,"0.971985","241.93","534.6268656716417910",0,1,"4_0_83_0"
0,1900,"0.971985","241.93","480.0000000000000000",0,1,"4_0_99_0"
0,1900,"0.971985","241.93","0.00000000000000000000",0,1,"410_0_410_0"
0,1900,"0.971985","241.93","0.00000000000000000000",0,1,"410_0_410_1"
0,1900,"0.971985","241.93","439.8347107438016529",0,1,"410_1_1_0"
0,1900,"0.971985","241.93","540.0000000000000000",0,1,"410_1_15_0"
0,1900,"0.971985","241.93","480.0000000000000000",0,1,"410_1_16_0"
0,1900,"0.971985","241.93","368.4297520661157025",0,1,"410_1_20_0"
0,1900,"0.971985","241.93","420.0000000000000000",0,1,"410_1_25_0"
0,1900,"0.971985","241.93","300.0000000000000000",0,1,"410_1_29_0"
0,1900,"0.971985","241.93","480.0000000000000000",0,1,"410_1_3_0"
0,1900,"0.971985","241.93","450.3614457831325301",0,1,"410_1_4_1"
0,1900,"0.971985","241.93","691.0843373493975904",0,1,"410_1_410_0"
0,1900,"0.971985","241.93","0.00000000000000000000",0,1,"410_1_410_1"
0,1900,"0.971985","241.93","497.3553719008264463",0,1,"410_1_417_0"
0,1900,"0.971985","241.93","360.4800000000000000",0,1,"410_1_71_0"
0,1900,"0.971985","241.93","351.9101123595505618",0,1,"410_1_73_0"
0,1900,"0.971985","241.93","442.5000000000000000",0,1,"410_1_76_0"
0,1900,"0.971985","241.93","540.0000000000000000",0,1,"410_1_82_0"
0,1900,"0.971985","241.93","780.0000000000000000",0,1,"410_1_83_0"
0,1900,"0.971985","241.93","360.0000000000000000",0,1,"410_1_88_0"
0,1900,"0.971985","241.93","360.0000000000000000",0,1,"41_1_13_1"
0,1900,"0.971985","241.93","540.0000000000000000",0,1,"41_1_15_1"
0,1900,"0.971985","241.93","660.0000000000000000",0,1,"41_1_160_0"
0,1900,"0.971985","241.93","840.0000000000000000",0,1,"41_1_31_0"
0,1900,"0.971985","241.93","502.3188405797101449",0,1,"4_1_132_0"
0,1900,"0.971985","241.93","780.0000000000000000",0,1,"4_1_14_1"
0,1900,"0.971985","241.93","286.0465116279069767",0,1,"41_1_41_1"
0,1900,"0.971985","241.93","540.0000000000000000",0,1,"41_1_42_0"
0,1900,"0.971985","241.93","454.9090909090909091",0,1,"41_1_44_0"
0,1900,"0.971985","241.93","418.4313725490196078",0,1,"41_1_49_0"
0,1900,"0.971985","241.93","439.6721311475409836",0,1,"41_1_50_0"
0,1900,"0.971985","241.93","510.0000000000000000",0,1,"41_1_60_0"
0,1900,"0.971985","241.93","420.0000000000000000",0,1,"4_1_192_0"
0,1900,"0.971985","241.93","480.7317073170731707",0,1,"4_1_32_0"
0,1900,"0.971985","241.93","450.0000000000000000",0,1,"4_1_38_0"
0,1900,"0.971985","241.93","623.7623762376237624",0,1,"4_1_4_0"
0,1900,"0.971985","241.93","0.00000000000000000000",0,1,"4_1_4_1"
0,1900,"0.971985","241.93","540.0000000000000000",0,1,"4_1_47_1"
0,1900,"0.971985","241.93","0.00000000000000000000",0,1,"417_0_417_0"
0,1900,"0.971985","241.93","0.00000000000000000000",0,1,"417_0_417_1"
0,1900,"0.971985","241.93","780.0000000000000000",0,1,"417_1_1_0"
0,1900,"0.971985","241.93","480.0000000000000000",0,1,"417_1_120_0"
0,1900,"0.971985","241.93","360.0000000000000000",0,1,"417_1_125_0"
0,1900,"0.971985","241.93","480.0000000000000000",0,1,"417_1_13_0"
0,1900,"0.971985","241.93","420.0000000000000000",0,1,"417_1_15_0"
0,1900,"0.971985","241.93","480.0000000000000000",0,1,"417_1_16_0"
0,1900,"0.971985","241.93","510.0000000000000000",0,1,"417_1_161_0"
0,1900,"0.971985","241.93","420.9836065573770492",0,1,"417_1_19_0"
0,1900,"0.971985","241.93","420.0000000000000000",0,1,"417_1_199_0"
0,1900,"0.971985","241.93","540.0000000000000000",0,1,"417_1_21_0"
0,1900,"0.971985","241.93","420.0000000000000000",0,1,"417_1_28_0"
0,1900,"0.971985","241.93","540.0000000000000000",0,1,"417_1_410_0"
0,1900,"0.971985","241.93","644.8713550600343053",0,1,"417_1_417_0"
0,1900,"0.971985","241.93","0.00000000000000000000",0,1,"417_1_417_1"
0,1900,"0.971985","241.93","420.0000000000000000",0,1,"417_1_421_0"
0,1900,"0.971985","241.93","600.0000000000000000",0,1,"417_1_54_0"
0,1900,"0.971985","241.93","581.0000000000000000",0,1,"417_1_73_0"
0,1900,"0.971985","241.93","840.0000000000000000",0,1,"417_1_75_0"
0,1900,"0.971985","241.93","540.4918032786885246",0,1,"417_1_81_0"
0,1900,"0.971985","241.93","600.0000000000000000",0,1,"417_1_82_0"
0,1900,"0.971985","241.93","478.2608695652173913",0,1,"417_1_83_0"
0,1900,"0.971985","241.93","420.0000000000000000",0,1,"417_1_84_0"
0,1900,"0.971985","241.93","420.0000000000000000",0,1,"417_1_98_0"
0,1900,"0.971985","241.93","540.0000000000000000",0,1,"417_1_99_0"
0,1900,"0.971985","241.93","0.00000000000000000000",0,1,"42_0_42_0"
0,1900,"0.971985","241.93","362.3728813559322034",0,1,"42_0_42_1"
0,1900,"0.971985","241.93","0.00000000000000000000",0,1,"421_0_421_0"
0,1900,"0.971985","241.93","171.5060240963855422",0,1,"421_0_421_1"
0,1900,"0.971985","241.93","439.6800000000000000",0,1,"421_1_13_0"
0,1900,"0.971985","241.93","660.0000000000000000",0,1,"421_1_21_0"
0,1900,"0.971985","241.93","660.0000000000000000",0,1,"421_1_3_0"
0,1900,"0.971985","241.93","460.0000000000000000",0,1,"42_1_13_1"
0,1900,"0.971985","241.93","420.0000000000000000",0,1,"421_1_4_1"
0,1900,"0.971985","241.93","420.0000000000000000",0,1,"421_1_410_0"
0,1900,"0.971985","241.93","720.0000000000000000",0,1,"421_1_428_0"
0,1900,"0.971985","241.93","300.0000000000000000",0,1,"42_1_15_1"
0,1900,"0.971985","241.93","449.6296296296296296",0,1,"421_1_76_0"
0,1900,"0.971985","241.93","840.0000000000000000",0,1,"421_1_99_0"
0,1900,"0.971985","241.93","348.8532110091743119",0,1,"42_1_31_0"
0,1900,"0.971985","241.93","360.0000000000000000",0,1,"42_1_34_0"
0,1900,"0.971985","241.93","840.0000000000000000",0,1,"42_1_38_1"
0,1900,"0.971985","241.93","511.8518518518518519",0,1,"42_1_41_1"
0,1900,"0.971985","241.93","445.5432372505543237",0,1,"42_1_42_0"
0,1900,"0.971985","241.93","300.0000000000000000",0,1,"42_1_43_1"
0,1900,"0.971985","241.93","300.0000000000000000",0,1,"42_1_46_0"
0,1900,"0.971985","241.93","441.1200000000000000",0,1,"42_1_47_0"
0,1900,"0.971985","241.93","300.0000000000000000",0,1,"42_1_5_0"
0,1900,"0.971985","241.93","480.0000000000000000",0,1,"42_1_60_0"
0,1900,"0.971985","241.93","0.00000000000000000000",0,1,"428_0_428_0"
0,1900,"0.971985","241.93","187.2890888638920135",0,1,"428_0_428_1"
0,1900,"0.971985","241.93","480.0000000000000000",0,1,"428_1_120_0"
0,1900,"0.971985","241.93","480.0000000000000000",0,1,"428_1_199_0"
0,1900,"0.971985","241.93","357.0000000000000000",0,1,"428_1_21_0"
0,1900,"0.971985","241.93","420.0000000000000000",0,1,"428_1_410_0"
0,1900,"0.971985","241.93","499.8406374501992032",0,1,"428_1_428_0"
0,1900,"0.971985","241.93","480.0000000000000000",0,1,"428_1_54_0"
0,1900,"0.971985","241.93","300.0000000000000000",0,1,"428_1_6_0"
0,1900,"0.971985","241.93","420.4838709677419355",0,1,"428_1_71_0"
0,1900,"0.971985","241.93","420.7228915662650602",0,1,"428_1_73_0"
0,1900,"0.971985","241.93","562.5000000000000000",0,1,"428_1_74_0"
0,1900,"0.971985","241.93","360.0000000000000000",0,1,"428_1_76_0"
0,1900,"0.971985","241.93","360.0000000000000000",0,1,"428_1_81_0"
0,1900,"0.971985","241.93","420.0000000000000000",0,1,"428_1_82_0"
0,1900,"0.971985","241.93","530.0000000000000000",0,1,"428_1_84_0"
0,1900,"0.971985","241.93","420.0000000000000000",0,1,"428_1_98_0"
0,1900,"0.971985","241.93","420.0000000000000000",0,1,"43_1_13_1"
0,1900,"0.971985","241.93","457.3770491803278689",0,1,"43_1_15_1"
0,1900,"0.971985","241.93","600.0000000000000000",0,1,"43_1_34_0"
0,1900,"0.971985","241.93","360.0000000000000000",0,1,"43_1_38_1"
0,1900,"0.971985","241.93","510.7246376811594203",0,1,"43_1_41_1"
0,1900,"0.971985","241.93","300.0000000000000000",0,1,"43_1_42_0"
0,1900,"0.971985","241.93","320.0000000000000000",0,1,"43_1_43_1"
0,1900,"0.971985","241.93","420.0000000000000000",0,1,"43_1_44_0"
0,1900,"0.971985","241.93","440.9523809523809524",0,1,"43_1_47_0"
0,1900,"0.971985","241.93","586.1538461538461538",0,1,"43_1_5_0"
0,1900,"0.971985","241.93","361.4634146341463415",0,1,"43_1_54_1"
0,1900,"0.971985","241.93","540.0000000000000000",0,1,"43_1_60_0"
0,1900,"0.971985","241.93","0.00000000000000000000",0,1,"44_0_44_0"
0,1900,"0.971985","241.93","0.00000000000000000000",0,1,"44_0_44_1"
0,1900,"0.971985","241.93","480.0000000000000000",0,1,"44_1_13_1"
0,1900,"0.971985","241.93","360.0000000000000000",0,1,"44_1_15_1"
0,1900,"0.971985","241.93","384.4247787610619469",0,1,"44_1_31_0"
0,1900,"0.971985","241.93","332.0000000000000000",0,1,"44_1_33_0"
0,1900,"0.971985","241.93","360.7594936708860759",0,1,"44_1_38_1"
0,1900,"0.971985","241.93","300.0000000000000000",0,1,"44_1_42_0"
0,1900,"0.971985","241.93","449.8013245033112583",0,1,"44_1_43_1"
0,1900,"0.971985","241.93","677.7431906614785992",0,1,"44_1_44_0"
0,1900,"0.971985","241.93","600.0000000000000000",0,1,"44_1_49_0"
0,1900,"0.971985","241.93","360.0000000000000000",0,1,"44_1_5_0"
0,1900,"0.971985","241.93","660.0000000000000000",0,1,"44_1_50_0"
0,1900,"0.971985","241.93","360.0000000000000000",0,1,"44_1_60_0"
0,1900,"0.971985","241.93","600.0000000000000000",0,1,"44_1_670_1"
0,1900,"0.971985","241.93","600.0000000000000000",0,1,"442_1_125_0"
0,1900,"0.971985","241.93","0.00000000000000000000",0,1,"46_0_46_0"
0,1900,"0.971985","241.93","0.00000000000000000000",0,1,"46_0_46_1"
0,1900,"0.971985","241.93","395.4820936639118457",0,1,"461_0_461_1"
0,1900,"0.971985","241.93","600.0000000000000000",0,1,"461_0_462_1"
0,1900,"0.971985","241.93","570.3797468354430380",0,1,"461_1_461_0"
0,1900,"0.971985","241.93","341.2500000000000000",0,1,"46_1_160_0"
0,1900,"0.971985","241.93","720.0000000000000000",0,1,"461_1_61_0"
0,1900,"0.971985","241.93","360.0000000000000000",0,1,"46_1_31_0"
0,1900,"0.971985","241.93","300.0000000000000000",0,1,"46_1_34_0"
0,1900,"0.971985","241.93","360.0000000000000000",0,1,"46_1_38_1"
0,1900,"0.971985","241.93","469.4915254237288136",0,1,"46_1_46_0"
0,1900,"0.971985","241.93","480.0000000000000000",0,1,"46_1_47_0"
0,1900,"0.971985","241.93","480.0000000000000000",0,1,"46_1_49_0"
0,1900,"0.971985","241.93","480.0000000000000000",0,1,"46_1_50_0"
0,1900,"0.971985","241.93","420.0000000000000000",0,1,"462_0_462_1"
0,1900,"0.971985","241.93","120.0000000000000000",0,1,"462_1_462_0"
0,1900,"0.971985","241.93","420.0000000000000000",0,1,"47_0_132_0"
0,1900,"0.971985","241.93","480.0000000000000000",0,1,"47_0_38_0"
0,1900,"0.971985","241.93","0.00000000000000000000",0,1,"47_0_47_0"
0,1900,"0.971985","241.93","371.9440124416796267",0,1,"47_0_47_1"
0,1900,"0.971985","241.93","480.0000000000000000",0,1,"47_1_13_1"
0,1900,"0.971985","241.93","840.0000000000000000",0,1,"47_1_160_0"
0,1900,"0.971985","241.93","420.0000000000000000",0,1,"47_1_41_1"
0,1900,"0.971985","241.93","480.0000000000000000",0,1,"47_1_42_0"
0,1900,"0.971985","241.93","597.0000000000000000",0,1,"47_1_43_1"
0,1900,"0.971985","241.93","300.0000000000000000",0,1,"47_1_44_0"
0,1900,"0.971985","241.93","600.0000000000000000",0,1,"47_1_46_0"
0,1900,"0.971985","241.93","489.3877551020408163",0,1,"47_1_47_0"
0,1900,"0.971985","241.93","0.00000000000000000000",0,1,"47_1_47_1"
0,1900,"0.971985","241.93","528.8888888888888889",0,1,"47_1_49_0"
0,1900,"0.971985","241.93","444.2105263157894737",0,1,"47_1_5_0"
0,1900,"0.971985","241.93","600.0000000000000000",0,1,"47_1_50_0"
0,1900,"0.971985","241.93","360.0000000000000000",0,1,"47_1_54_1"
0,1900,"0.971985","241.93","360.0000000000000000",0,1,"47_1_60_0"
0,1900,"0.971985","241.93","480.0000000000000000",0,1,"47_1_609_1"
0,1900,"0.971985","241.93","333.2608695652173913",0,1,"47_1_6_1"
0,1900,"0.971985","241.93","0.00000000000000000000",0,1,"49_0_49_0"
0,1900,"0.971985","241.93","0.00000000000000000000",0,1,"49_0_49_1"
0,1900,"0.971985","241.93","360.0000000000000000",0,1,"49_1_15_1"
0,1900,"0.971985","241.93","671.8181818181818182",0,1,"49_1_31_0"
0,1900,"0.971985","241.93","660.0000000000000000",0,1,"49_1_33_0"
0,1900,"0.971985","241.93","540.0000000000000000",0,1,"49_1_41_1"
0,1900,"0.971985","241.93","481.5652173913043478",0,1,"49_1_42_0"
0,1900,"0.971985","241.93","479.2207792207792208",0,1,"49_1_43_1"
0,1900,"0.971985","241.93","300.0000000000000000",0,1,"49_1_46_0"
0,1900,"0.971985","241.93","444.7422680412371134",0,1,"49_1_47_0"
0,1900,"0.971985","241.93","507.7562326869806094",0,1,"49_1_49_0"
0,1900,"0.971985","241.93","540.0000000000000000",0,1,"49_1_5_0"
0,1900,"0.971985","241.93","780.0000000000000000",0,1,"49_1_60_0"
0,1900,"0.971985","241.93","436.6917293233082707",0,1,"49_1_6_1"
0,1900,"0.971985","241.93","0.00000000000000000000",0,1,"50_0_50_0"
0,1900,"0.971985","241.93","0.00000000000000000000",0,1,"50_0_50_1"
0,1900,"0.971985","241.93","720.0000000000000000",0,1,"501_0_50_0"
0,1900,"0.971985","241.93","360.0000000000000000",0,1,"50_1_160_0"
0,1900,"0.971985","241.93","540.0000000000000000",0,1,"50_1_33_0"
0,1900,"0.971985","241.93","597.0873786407766990",0,1,"50_1_42_0"
0,1900,"0.971985","241.93","619.4539249146757679",0,1,"50_1_44_0"
0,1900,"0.971985","241.93","300.0000000000000000",0,1,"50_1_47_0"
0,1900,"0.971985","241.93","300.0000000000000000",0,1,"50_1_59_0"
0,1900,"0.971985","241.93","300.0000000000000000",0,1,"50_1_670_1"
0,1900,"0.971985","241.93","0.00000000000000000000",0,1,"5_0_5_0"
0,1900,"0.971985","241.93","0.00000000000000000000",0,1,"5_0_5_1"
0,1900,"0.971985","241.93","0.00000000000000000000",0,1,"506_0_506_0"
0,1900,"0.971985","241.93","420.0000000000000000",0,1,"506_1_83_0"
0,1900,"0.971985","241.93","446.1538461538461538",0,1,"5_1_13_1"
0,1900,"0.971985","241.93","720.0000000000000000",0,1,"5_1_15_1"
0,1900,"0.971985","241.93","300.0000000000000000",0,1,"5_1_160_0"
0,1900,"0.971985","241.93","840.0000000000000000",0,1,"5_1_31_0"
0,1900,"0.971985","241.93","346.6666666666666667",0,1,"5_1_38_1"
0,1900,"0.971985","241.93","660.0000000000000000",0,1,"5_1_43_1"
0,1900,"0.971985","241.93","823.4042553191489362",0,1,"5_1_44_0"
0,1900,"0.971985","241.93","300.0000000000000000",0,1,"5_1_47_0"
0,1900,"0.971985","241.93","540.0000000000000000",0,1,"5_1_49_0"
0,1900,"0.971985","241.93","477.7777777777777778",0,1,"5_1_5_0"
0,1900,"0.971985","241.93","400.6451612903225806",0,1,"5_1_50_0"
0,1900,"0.971985","241.93","0.00000000000000000000",0,1,"5_1_5_1"
0,1900,"0.971985","241.93","534.5901639344262295",0,1,"5_1_6_1"
0,1900,"0.971985","241.93","480.0000000000000000",0,1,"54_0_43_1"
0,1900,"0.971985","241.93","399.5121951219512195",0,1,"54_0_47_0"
0,1900,"0.971985","241.93","780.0000000000000000",0,1,"54_0_49_0"
0,1900,"0.971985","241.93","0.00000000000000000000",0,1,"54_0_54_0"
0,1900,"0.971985","241.93","330.7208872458410351",0,1,"54_0_54_1"
0,1900,"0.971985","241.93","420.0000000000000000",0,1,"54_1_1_0"
0,1900,"0.971985","241.93","480.0000000000000000",0,1,"54_1_125_0"
0,1900,"0.971985","241.93","420.0000000000000000",0,1,"54_1_13_0"
0,1900,"0.971985","241.93","344.2857142857142857",0,1,"54_1_20_0"
0,1900,"0.971985","241.93","420.0000000000000000",0,1,"54_1_21_0"
0,1900,"0.971985","241.93","540.0000000000000000",0,1,"54_1_28_0"
0,1900,"0.971985","241.93","300.0000000000000000",0,1,"54_1_29_0"
0,1900,"0.971985","241.93","480.0000000000000000",0,1,"54_1_4_1"
0,1900,"0.971985","241.93","300.0000000000000000",0,1,"54_1_417_0"
0,1900,"0.971985","241.93","780.0000000000000000",0,1,"54_1_54_0"
0,1900,"0.971985","241.93","0.00000000000000000000",0,1,"54_1_54_1"
0,1900,"0.971985","241.93","780.0000000000000000",0,1,"54_1_6_0"
0,1900,"0.971985","241.93","459.8360655737704918",0,1,"54_1_76_0"
0,1900,"0.971985","241.93","420.0000000000000000",0,1,"54_1_82_0"
0,1900,"0.971985","241.93","481.9672131147540984",0,1,"54_1_88_0"
0,1900,"0.971985","241.93","420.0000000000000000",0,1,"542_0_42_0"
0,1900,"0.971985","241.93","720.0000000000000000",0,1,"547_0_46_0"
0,1900,"0.971985","241.93","210.5084745762711864",0,1,"55_0_55_1"
0,1900,"0.971985","241.93","158.2978723404255319",0,1,"55_1_55_0"
0,1900,"0.971985","241.93","480.0000000000000000",0,1,"554_1_20_0"
0,1900,"0.971985","241.93","600.0000000000000000",0,1,"565_0_125_1"
0,1900,"0.971985","241.93","0.00000000000000000000",0,1,"59_0_59_0"
0,1900,"0.971985","241.93","0.00000000000000000000",0,1,"59_0_59_1"
0,1900,"0.971985","241.93","360.0000000000000000",0,1,"59_1_30_1"
0,1900,"0.971985","241.93","420.0000000000000000",0,1,"59_1_31_0"
0,1900,"0.971985","241.93","360.0000000000000000",0,1,"59_1_33_0"
0,1900,"0.971985","241.93","300.0000000000000000",0,1,"59_1_42_0"
0,1900,"0.971985","241.93","300.0000000000000000",0,1,"59_1_47_0"
0,1900,"0.971985","241.93","660.0000000000000000",0,1,"59_1_50_0"
0,1900,"0.971985","241.93","358.4210526315789474",0,1,"59_1_59_0"
0,1900,"0.971985","241.93","0.00000000000000000000",0,1,"60_0_60_0"
0,1900,"0.971985","241.93","239.7947548460661345",0,1,"60_0_60_1"
0,1900,"0.971985","241.93","316.8345323741007194",0,1,"60_1_13_1"
0,1900,"0.971985","241.93","420.0000000000000000",0,1,"60_1_15_1"
0,1900,"0.971985","241.93","300.0000000000000000",0,1,"60_1_30_1"
0,1900,"0.971985","241.93","300.0000000000000000",0,1,"60_1_31_0"
0,1900,"0.971985","241.93","438.0000000000000000",0,1,"60_1_42_0"
0,1900,"0.971985","241.93","360.0000000000000000",0,1,"60_1_43_1"
0,1900,"0.971985","241.93","720.0000000000000000",0,1,"60_1_44_0"
0,1900,"0.971985","241.93","360.0000000000000000",0,1,"60_1_49_0"
0,1900,"0.971985","241.93","480.0000000000000000",0,1,"60_1_5_0"
0,1900,"0.971985","241.93","420.0000000000000000",0,1,"60_1_50_0"
0,1900,"0.971985","241.93","563.0769230769230769",0,1,"60_1_54_1"
0,1900,"0.971985","241.93","300.0000000000000000",0,1,"6_0_160_0"
0,1900,"0.971985","241.93","720.0000000000000000",0,1,"60_1_60_0"
0,1900,"0.971985","241.93","420.0000000000000000",0,1,"6_0_30_1"
0,1900,"0.971985","241.93","360.0000000000000000",0,1,"6_0_31_0"
0,1900,"0.971985","241.93","420.0000000000000000",0,1,"6_0_38_1"
0,1900,"0.971985","241.93","419.2592592592592593",0,1,"6_0_43_1"
0,1900,"0.971985","241.93","400.1652892561983471",0,1,"6_0_47_0"
0,1900,"0.971985","241.93","540.0000000000000000",0,1,"6_0_5_0"
0,1900,"0.971985","241.93","0.00000000000000000000",0,1,"605_0_605_0"
0,1900,"0.971985","241.93","0.00000000000000000000",0,1,"6_0_6_0"
0,1900,"0.971985","241.93","430.0000000000000000",0,1,"6_0_6_1"
0,1900,"0.971985","241.93","420.0000000000000000",0,1,"607_0_14_0"
0,1900,"0.971985","241.93","480.0000000000000000",0,1,"607_0_501_0"
0,1900,"0.971985","241.93","420.0000000000000000",0,1,"608_1_15_0"
0,1900,"0.971985","241.93","420.0000000000000000",0,1,"609_0_34_0"
0,1900,"0.971985","241.93","0.00000000000000000000",0,1,"61_0_61_0"
0,1900,"0.971985","241.93","0.00000000000000000000",0,1,"61_0_61_1"
0,1900,"0.971985","241.93","660.0000000000000000",0,1,"6_1_120_0"
0,1900,"0.971985","241.93","542.1428571428571429",0,1,"6_1_123_0"
0,1900,"0.971985","241.93","360.0000000000000000",0,1,"6_1_125_0"
0,1900,"0.971985","241.93","480.0000000000000000",0,1,"6_1_128_0"
0,1900,"0.971985","241.93","780.0000000000000000",0,1,"6_1_13_0"
0,1900,"0.971985","241.93","420.0000000000000000",0,1,"6_1_14_0"
0,1900,"0.971985","241.93","489.5397489539748954",0,1,"61_1_461_0"
0,1900,"0.971985","241.93","300.0000000000000000",0,1,"6_1_15_0"
0,1900,"0.971985","241.93","512.5000000000000000",0,1,"61_1_61_0"
0,1900,"0.971985","241.93","0.00000000000000000000",0,1,"61_1_61_1"
0,1900,"0.971985","241.93","540.0000000000000000",0,1,"6_1_20_0"
0,1900,"0.971985","241.93","320.3225806451612903",0,1,"6_1_21_0"
0,1900,"0.971985","241.93","420.0000000000000000",0,1,"6_1_25_0"
0,1900,"0.971985","241.93","508.9156626506024096",0,1,"6_1_29_0"
0,1900,"0.971985","241.93","540.0000000000000000",0,1,"6_1_3_0"
0,1900,"0.971985","241.93","780.0000000000000000",0,1,"613_0_41_1"
0,1900,"0.971985","241.93","840.0000000000000000",0,1,"613_0_49_0"
0,1900,"0.971985","241.93","480.0000000000000000",0,1,"6_1_410_0"
0,1900,"0.971985","241.93","385.4187192118226601",0,1,"6_1_54_0"
0,1900,"0.971985","241.93","0.00000000000000000000",0,1,"6_1_6_1"
0,1900,"0.971985","241.93","780.0000000000000000",0,1,"6_1_71_0"
0,1900,"0.971985","241.93","480.0000000000000000",0,1,"6_1_74_0"
0,1900,"0.971985","241.93","694.6153846153846154",0,1,"6_1_76_0"
0,1900,"0.971985","241.93","660.0000000000000000",0,1,"6_1_88_0"
0,1900,"0.971985","241.93","480.0000000000000000",0,1,"620_0_13_0"
0,1900,"0.971985","241.93","480.0000000000000000",0,1,"624_0_99_0"
0,1900,"0.971985","241.93","0.00000000000000000000",0,1,"640_0_640_0"
0,1900,"0.971985","241.93","840.0000000000000000",0,1,"650_0_442_0"
0,1900,"0.971985","241.93","0.00000000000000000000",0,1,"660_0_660_0"
0,1900,"0.971985","241.93","0.00000000000000000000",0,1,"664_0_664_0"
0,1900,"0.971985","241.93","300.0000000000000000",0,1,"670_0_41_1"
0,1900,"0.971985","241.93","660.0000000000000000",0,1,"670_0_44_0"
0,1900,"0.971985","241.93","660.0000000000000000",0,1,"674_0_59_0"
0,1900,"0.971985","241.93","0.00000000000000000000",0,1,"693_0_693_0"
0,1900,"0.971985","241.93","0.00000000000000000000",0,1,"71_0_71_0"
0,1900,"0.971985","241.93","0.00000000000000000000",0,1,"71_0_71_1"
0,1900,"0.971985","241.93","358.5000000000000000",0,1,"71_1_161_0"
0,1900,"0.971985","241.93","360.0000000000000000",0,1,"71_1_19_0"
0,1900,"0.971985","241.93","420.0000000000000000",0,1,"71_1_20_0"
0,1900,"0.971985","241.93","420.0000000000000000",0,1,"71_1_21_0"
0,1900,"0.971985","241.93","480.0000000000000000",0,1,"71_1_25_0"
0,1900,"0.971985","241.93","300.0000000000000000",0,1,"71_1_410_0"
0,1900,"0.971985","241.93","612.5153374233128834",0,1,"71_1_417_0"
0,1900,"0.971985","241.93","540.9836065573770492",0,1,"71_1_54_0"
0,1900,"0.971985","241.93","718.5542168674698795",0,1,"71_1_71_0"
0,1900,"0.971985","241.93","0.00000000000000000000",0,1,"71_1_71_1"
0,1900,"0.971985","241.93","450.3614457831325301",0,1,"71_1_73_0"
0,1900,"0.971985","241.93","568.8888888888888889",0,1,"71_1_75_0"
0,1900,"0.971985","241.93","420.0000000000000000",0,1,"71_1_8_0"
0,1900,"0.971985","241.93","540.0000000000000000",0,1,"71_1_81_0"
0,1900,"0.971985","241.93","480.0000000000000000",0,1,"71_1_83_0"
0,1900,"0.971985","241.93","420.0000000000000000",0,1,"71_1_84_0"
0,1900,"0.971985","241.93","720.0000000000000000",0,1,"720_0_720_1"
0,1900,"0.971985","241.93","120.0000000000000000",0,1,"720_1_720_0"
0,1900,"0.971985","241.93","0.00000000000000000000",0,1,"721_0_721_0"
0,1900,"0.971985","241.93","660.0000000000000000",0,1,"721_0_721_1"
0,1900,"0.971985","241.93","300.0000000000000000",0,1,"721_1_721_0"
0,1900,"0.971985","241.93","600.0000000000000000",0,1,"722_0_722_1"
0,1900,"0.971985","241.93","300.0000000000000000",0,1,"722_1_722_0"
0,1900,"0.971985","241.93","0.00000000000000000000",0,1,"73_0_73_0"
0,1900,"0.971985","241.93","133.6391437308868502",0,1,"73_0_73_1"
0,1900,"0.971985","241.93","781.1180124223602484",0,1,"73_0_77_0"
0,1900,"0.971985","241.93","420.5084745762711864",0,1,"73_1_1_0"
0,1900,"0.971985","241.93","420.0000000000000000",0,1,"73_1_120_0"
0,1900,"0.971985","241.93","449.6385542168674699",0,1,"73_1_13_0"
0,1900,"0.971985","241.93","438.6554621848739496",0,1,"73_1_14_0"
0,1900,"0.971985","241.93","420.0000000000000000",0,1,"73_1_15_0"
0,1900,"0.971985","241.93","540.0000000000000000",0,1,"73_1_16_0"
0,1900,"0.971985","241.93","419.2405063291139241",0,1,"73_1_19_0"
0,1900,"0.971985","241.93","420.0000000000000000",0,1,"73_1_20_0"
0,1900,"0.971985","241.93","780.0000000000000000",0,1,"73_1_21_0"
0,1900,"0.971985","241.93","540.0000000000000000",0,1,"73_1_23_0"
0,1900,"0.971985","241.93","480.0000000000000000",0,1,"73_1_25_0"
0,1900,"0.971985","241.93","539.5081967213114754",0,1,"73_1_410_0"
0,1900,"0.971985","241.93","479.0322580645161290",0,1,"73_1_428_0"
0,1900,"0.971985","241.93","360.0000000000000000",0,1,"73_1_554_0"
0,1900,"0.971985","241.93","488.2758620689655172",0,1,"73_1_6_0"
0,1900,"0.971985","241.93","559.8305084745762712",0,1,"73_1_71_0"
0,1900,"0.971985","241.93","470.0502512562814070",0,1,"73_1_73_0"
0,1900,"0.971985","241.93","0.00000000000000000000",0,1,"73_1_73_1"
0,1900,"0.971985","241.93","360.0000000000000000",0,1,"73_1_74_0"
0,1900,"0.971985","241.93","631.1392405063291139",0,1,"73_1_75_0"
0,1900,"0.971985","241.93","540.0000000000000000",0,1,"73_1_76_0"
0,1900,"0.971985","241.93","540.0000000000000000",0,1,"73_1_8_0"
0,1900,"0.971985","241.93","540.0000000000000000",0,1,"73_1_84_0"
0,1900,"0.971985","241.93","555.2380952380952381",0,1,"73_1_88_0"
0,1900,"0.971985","241.93","480.0000000000000000",0,1,"73_1_9_0"
0,1900,"0.971985","241.93","0.00000000000000000000",0,1,"74_0_74_0"
0,1900,"0.971985","241.93","0.00000000000000000000",0,1,"74_0_74_1"
0,1900,"0.971985","241.93","600.0000000000000000",0,1,"74_1_15_0"
0,1900,"0.971985","241.93","420.0000000000000000",0,1,"74_1_16_0"
0,1900,"0.971985","241.93","540.0000000000000000",0,1,"74_1_19_0"
0,1900,"0.971985","241.93","840.0000000000000000",0,1,"74_1_21_0"
0,1900,"0.971985","241.93","300.0000000000000000",0,1,"74_1_28_0"
0,1900,"0.971985","241.93","637.8947368421052632",0,1,"74_1_3_0"
0,1900,"0.971985","241.93","660.0000000000000000",0,1,"74_1_417_0"
0,1900,"0.971985","241.93","518.0000000000000000",0,1,"74_1_73_0"
0,1900,"0.971985","241.93","640.0000000000000000",0,1,"74_1_74_0"
0,1900,"0.971985","241.93","0.00000000000000000000",0,1,"74_1_74_1"
0,1900,"0.971985","241.93","480.0000000000000000",0,1,"74_1_75_0"
0,1900,"0.971985","241.93","660.0000000000000000",0,1,"74_1_81_0"
0,1900,"0.971985","241.93","420.0000000000000000",0,1,"74_1_83_0"
0,1900,"0.971985","241.93","480.0000000000000000",0,1,"74_1_98_0"
0,1900,"0.971985","241.93","0.00000000000000000000",0,1,"75_0_75_0"
0,1900,"0.971985","241.93","0.00000000000000000000",0,1,"75_0_75_1"
0,1900,"0.971985","241.93","300.0000000000000000",0,1,"75_1_1_0"
0,1900,"0.971985","241.93","480.0000000000000000",0,1,"75_1_120_0"
0,1900,"0.971985","241.93","626.7032967032967033",0,1,"75_1_123_0"
0,1900,"0.971985","241.93","360.0000000000000000",0,1,"75_1_185_0"
0,1900,"0.971985","241.93","420.0000000000000000",0,1,"75_1_20_0"
0,1900,"0.971985","241.93","420.0000000000000000",0,1,"75_1_25_0"
0,1900,"0.971985","241.93","780.0000000000000000",0,1,"75_1_410_0"
0,1900,"0.971985","241.93","780.0000000000000000",0,1,"75_1_73_0"
0,1900,"0.971985","241.93","480.0000000000000000",0,1,"75_1_80_0"
0,1900,"0.971985","241.93","630.4761904761904762",0,1,"75_1_83_0"
0,1900,"0.971985","241.93","780.0000000000000000",0,1,"75_1_99_0"
0,1900,"0.971985","241.93","0.00000000000000000000",0,1,"76_0_76_0"
0,1900,"0.971985","241.93","0.00000000000000000000",0,1,"76_0_76_1"
0,1900,"0.971985","241.93","449.5440729483282675",0,1,"76_1_1_0"
0,1900,"0.971985","241.93","420.0000000000000000",0,1,"76_1_13_0"
0,1900,"0.971985","241.93","660.0000000000000000",0,1,"76_1_15_0"
0,1900,"0.971985","241.93","420.0000000000000000",0,1,"76_1_161_0"
0,1900,"0.971985","241.93","540.0000000000000000",0,1,"76_1_19_0"
0,1900,"0.971985","241.93","378.6206896551724138",0,1,"76_1_20_0"
0,1900,"0.971985","241.93","420.0000000000000000",0,1,"76_1_21_0"
0,1900,"0.971985","241.93","480.0000000000000000",0,1,"76_1_28_0"
0,1900,"0.971985","241.93","480.0000000000000000",0,1,"76_1_4_1"
0,1900,"0.971985","241.93","480.0000000000000000",0,1,"76_1_410_0"
0,1900,"0.971985","241.93","420.0000000000000000",0,1,"76_1_428_0"
0,1900,"0.971985","241.93","649.4366197183098592",0,1,"76_1_6_0"
0,1900,"0.971985","241.93","360.9677419354838710",0,1,"76_1_73_0"
0,1900,"0.971985","241.93","396.0680529300567108",0,1,"76_1_76_0"
0,1900,"0.971985","241.93","0.00000000000000000000",0,1,"76_1_76_1"
0,1900,"0.971985","241.93","420.0000000000000000",0,1,"76_1_88_0"
0,1900,"0.971985","241.93","0.00000000000000000000",0,1,"77_0_77_0"
0,1900,"0.971985","241.93","182.2253324002799160",0,1,"77_0_77_1"
0,1900,"0.971985","241.93","840.0000000000000000",0,1,"77_1_73_1"
0,1900,"0.971985","241.93","419.5396419437340153",0,1,"77_1_77_0"
0,1900,"0.971985","241.93","0.00000000000000000000",0,1,"77_1_77_1"
0,1900,"0.971985","241.93","0.00000000000000000000",0,1,"78_0_78_0"
0,1900,"0.971985","241.93","54.7308781869688385",0,1,"78_0_78_1"
0,1900,"0.971985","241.93","480.0000000000000000",0,1,"78_1_1_0"
0,1900,"0.971985","241.93","420.0000000000000000",0,1,"78_1_125_0"
0,1900,"0.971985","241.93","420.0000000000000000",0,1,"78_1_19_0"
0,1900,"0.971985","241.93","420.0000000000000000",0,1,"78_1_20_0"
0,1900,"0.971985","241.93","600.0000000000000000",0,1,"78_1_28_0"
0,1900,"0.971985","241.93","360.0000000000000000",0,1,"78_1_4_1"
0,1900,"0.971985","241.93","540.0000000000000000",0,1,"78_1_410_0"
0,1900,"0.971985","241.93","420.0000000000000000",0,1,"78_1_71_0"
0,1900,"0.971985","241.93","678.0000000000000000",0,1,"78_1_78_0"
0,1900,"0.971985","241.93","660.0000000000000000",0,1,"78_1_83_0"
0,1900,"0.971985","241.93","0.00000000000000000000",0,1,"80_0_80_0"
0,1900,"0.971985","241.93","98.3720930232558140",0,1,"80_0_80_1"
0,1900,"0.971985","241.93","540.0000000000000000",0,1,"80_1_13_0"
0,1900,"0.971985","241.93","420.0000000000000000",0,1,"80_1_14_0"
0,1900,"0.971985","241.93","420.0000000000000000",0,1,"80_1_15_0"
0,1900,"0.971985","241.93","420.0000000000000000",0,1,"80_1_19_0"
0,1900,"0.971985","241.93","540.0000000000000000",0,1,"80_1_4_1"
0,1900,"0.971985","241.93","360.0000000000000000",0,1,"80_1_54_0"
0,1900,"0.971985","241.93","480.0000000000000000",0,1,"80_1_74_0"
0,1900,"0.971985","241.93","487.2000000000000000",0,1,"80_1_76_0"
0,1900,"0.971985","241.93","572.7522935779816514",0,1,"80_1_80_0"
0,1900,"0.971985","241.93","0.00000000000000000000",0,1,"80_1_80_1"
0,1900,"0.971985","241.93","0.00000000000000000000",0,1,"8_0_8_0"
0,1900,"0.971985","241.93","384.3932411674347158",0,1,"8_0_8_1"
0,1900,"0.971985","241.93","0.00000000000000000000",0,1,"81_0_81_0"
0,1900,"0.971985","241.93","0.00000000000000000000",0,1,"81_0_81_1"
0,1900,"0.971985","241.93","420.0000000000000000",0,1,"8_1_1_0"
0,1900,"0.971985","241.93","662.9268292682926829",0,1,"81_1_123_0"
0,1900,"0.971985","241.93","360.0000000000000000",0,1,"81_1_13_0"
0,1900,"0.971985","241.93","540.0000000000000000",0,1,"81_1_180_0"
0,1900,"0.971985","241.93","480.0000000000000000",0,1,"81_1_19_0"
0,1900,"0.971985","241.93","420.0000000000000000",0,1,"81_1_20_0"
0,1900,"0.971985","241.93","480.0000000000000000",0,1,"8_1_13_0"
0,1900,"0.971985","241.93","660.0000000000000000",0,1,"81_1_4_1"
0,1900,"0.971985","241.93","479.2561983471074380",0,1,"81_1_410_0"
0,1900,"0.971985","241.93","541.0084033613445378",0,1,"81_1_417_0"
0,1900,"0.971985","241.93","420.0000000000000000",0,1,"8_1_16_0"
0,1900,"0.971985","241.93","749.6385542168674699",0,1,"81_1_73_0"
0,1900,"0.971985","241.93","600.0000000000000000",0,1,"81_1_78_0"
0,1900,"0.971985","241.93","360.0000000000000000",0,1,"81_1_88_0"
0,1900,"0.971985","241.93","540.0000000000000000",0,1,"81_1_98_0"
0,1900,"0.971985","241.93","658.0645161290322581",0,1,"81_1_99_0"
0,1900,"0.971985","241.93","480.0000000000000000",0,1,"8_1_20_0"
0,1900,"0.971985","241.93","443.6363636363636364",0,1,"8_1_28_0"
0,1900,"0.971985","241.93","417.9310344827586207",0,1,"8_1_29_0"
0,1900,"0.971985","241.93","420.0000000000000000",0,1,"8_1_4_1"
0,1900,"0.971985","241.93","840.0000000000000000",0,1,"8_1_76_0"
0,1900,"0.971985","241.93","513.2129963898916968",0,1,"8_1_8_0"
0,1900,"0.971985","241.93","580.8955223880597015",0,1,"8_1_88_0"
0,1900,"0.971985","241.93","0.00000000000000000000",0,1,"82_0_82_0"
0,1900,"0.971985","241.93","0.00000000000000000000",0,1,"82_0_82_1"
0,1900,"0.971985","241.93","420.0000000000000000",0,1,"82_1_123_0"
0,1900,"0.971985","241.93","540.0000000000000000",0,1,"82_1_199_0"
0,1900,"0.971985","241.93","420.0000000000000000",0,1,"82_1_428_0"
0,1900,"0.971985","241.93","480.0000000000000000",0,1,"82_1_54_0"
0,1900,"0.971985","241.93","480.0000000000000000",0,1,"82_1_71_0"
0,1900,"0.971985","241.93","360.0000000000000000",0,1,"82_1_73_0"
0,1900,"0.971985","241.93","529.0909090909090909",0,1,"82_1_82_0"
0,1900,"0.971985","241.93","0.00000000000000000000",0,1,"83_0_83_0"
0,1900,"0.971985","241.93","0.00000000000000000000",0,1,"83_0_83_1"
0,1900,"0.971985","241.93","300.0000000000000000",0,1,"83_1_16_0"
0,1900,"0.971985","241.93","420.0000000000000000",0,1,"83_1_161_0"
0,1900,"0.971985","241.93","510.7500000000000000",0,1,"83_1_19_0"
0,1900,"0.971985","241.93","360.0000000000000000",0,1,"83_1_20_0"
0,1900,"0.971985","241.93","360.0000000000000000",0,1,"83_1_29_0"
0,1900,"0.971985","241.93","420.0000000000000000",0,1,"83_1_417_0"
0,1900,"0.971985","241.93","541.4814814814814815",0,1,"83_1_428_0"
0,1900,"0.971985","241.93","420.0000000000000000",0,1,"83_1_54_0"
0,1900,"0.971985","241.93","389.6296296296296296",0,1,"83_1_73_0"
0,1900,"0.971985","241.93","540.0000000000000000",0,1,"83_1_74_0"
0,1900,"0.971985","241.93","390.0000000000000000",0,1,"83_1_75_0"
0,1900,"0.971985","241.93","720.0000000000000000",0,1,"83_1_81_0"
0,1900,"0.971985","241.93","380.4366812227074236",0,1,"83_1_83_0"
0,1900,"0.971985","241.93","0.00000000000000000000",0,1,"83_1_83_1"
0,1900,"0.971985","241.93","420.0000000000000000",0,1,"83_1_88_0"
0,1900,"0.971985","241.93","300.0000000000000000",0,1,"83_1_99_0"
0,1900,"0.971985","241.93","0.00000000000000000000",0,1,"84_0_84_0"
0,1900,"0.971985","241.93","0.00000000000000000000",0,1,"84_0_84_1"
0,1900,"0.971985","241.93","420.0000000000000000",0,1,"84_1_123_0"
0,1900,"0.971985","241.93","600.0000000000000000",0,1,"84_1_128_0"
0,1900,"0.971985","241.93","600.0000000000000000",0,1,"84_1_14_0"
0,1900,"0.971985","241.93","420.0000000000000000",0,1,"84_1_15_0"
0,1900,"0.971985","241.93","660.0000000000000000",0,1,"84_1_16_0"
0,1900,"0.971985","241.93","420.0000000000000000",0,1,"84_1_161_0"
0,1900,"0.971985","241.93","480.0000000000000000",0,1,"84_1_180_0"
0,1900,"0.971985","241.93","420.0000000000000000",0,1,"84_1_185_0"
0,1900,"0.971985","241.93","357.6623376623376623",0,1,"84_1_20_0"
0,1900,"0.971985","241.93","390.0000000000000000",0,1,"84_1_25_0"
0,1900,"0.971985","241.93","420.0000000000000000",0,1,"84_1_3_0"
0,1900,"0.971985","241.93","300.0000000000000000",0,1,"84_1_4_1"
0,1900,"0.971985","241.93","600.0000000000000000",0,1,"84_1_71_0"
0,1900,"0.971985","241.93","390.0000000000000000",0,1,"84_1_73_0"
0,1900,"0.971985","241.93","360.0000000000000000",0,1,"84_1_8_0"
0,1900,"0.971985","241.93","462.1276595744680851",0,1,"84_1_83_0"
0,1900,"0.971985","241.93","374.5945945945945946",0,1,"84_1_84_0"
0,1900,"0.971985","241.93","420.0000000000000000",0,1,"84_1_98_0"
0,1900,"0.971985","241.93","120.0000000000000000",0,1,"85_0_185_1"
0,1900,"0.971985","241.93","420.0000000000000000",0,1,"85_1_21_0"
0,1900,"0.971985","241.93","420.0000000000000000",0,1,"85_1_6_0"
0,1900,"0.971985","241.93","0.00000000000000000000",0,1,"88_0_88_0"
0,1900,"0.971985","241.93","544.5812807881773399",0,1,"88_0_88_1"
0,1900,"0.971985","241.93","300.0000000000000000",0,1,"88_1_1_0"
0,1900,"0.971985","241.93","420.0000000000000000",0,1,"88_1_161_0"
0,1900,"0.971985","241.93","660.0000000000000000",0,1,"88_1_21_0"
0,1900,"0.971985","241.93","496.0509554140127389",0,1,"88_1_28_0"
0,1900,"0.971985","241.93","480.0000000000000000",0,1,"88_1_29_0"
0,1900,"0.971985","241.93","480.0000000000000000",0,1,"88_1_3_0"
0,1900,"0.971985","241.93","420.0000000000000000",0,1,"88_1_71_0"
0,1900,"0.971985","241.93","608.8471849865951743",0,1,"88_1_8_0"
0,1900,"0.971985","241.93","525.0319829424307036",0,1,"88_1_88_0"
0,1900,"0.971985","241.93","0.00000000000000000000",0,1,"9_0_9_1"
0,1900,"0.971985","241.93","720.0000000000000000",0,1,"9_1_25_0"
0,1900,"0.971985","241.93","480.0000000000000000",0,1,"9_1_417_0"
0,1900,"0.971985","241.93","420.0000000000000000",0,1,"9_1_73_0"
0,1900,"0.971985","241.93","600.0000000000000000",0,1,"9_1_80_0"
0,1900,"0.971985","241.93","480.0000000000000000",0,1,"9_1_83_0"
0,1900,"0.971985","241.93","420.0000000000000000",0,1,"9_1_84_0"
0,1900,"0.971985","241.93","540.0000000000000000",0,1,"9_1_9_0"
0,1900,"0.971985","241.93","0.00000000000000000000",0,1,"9_1_9_1"
0,1900,"0.971985","241.93","570.3703703703703704",0,1,"93_1_93_1"
0,1900,"0.971985","241.93","540.0000000000000000",0,1,"98_0_192_1"
0,1900,"0.971985","241.93","0.00000000000000000000",0,1,"98_0_98_0"
0,1900,"0.971985","241.93","420.0000000000000000",0,1,"98_1_180_0"
0,1900,"0.971985","241.93","480.0000000000000000",0,1,"98_1_29_0"
0,1900,"0.971985","241.93","420.0000000000000000",0,1,"98_1_78_0"
0,1900,"0.971985","241.93","480.0000000000000000",0,1,"98_1_80_0"
0,1900,"0.971985","241.93","360.0000000000000000",0,1,"98_1_81_0"
0,1900,"0.971985","241.93","450.7317073170731707",0,1,"98_1_9_0"
0,1900,"0.971985","241.93","0.00000000000000000000",0,1,"99_0_99_0"
0,1900,"0.971985","241.93","0.00000000000000000000",0,1,"99_0_99_1"
0,1900,"0.971985","241.93","420.0000000000000000",0,1,"99_1_120_0"
0,1900,"0.971985","241.93","480.0000000000000000",0,1,"99_1_125_0"
0,1900,"0.971985","241.93","660.0000000000000000",0,1,"99_1_14_0"
0,1900,"0.971985","241.93","456.3025210084033613",0,1,"99_1_16_0"
0,1900,"0.971985","241.93","540.0000000000000000",0,1,"99_1_161_0"
0,1900,"0.971985","241.93","459.3442622950819672",0,1,"99_1_23_0"
0,1900,"0.971985","241.93","780.0000000000000000",0,1,"99_1_28_0"
0,1900,"0.971985","241.93","420.0000000000000000",0,1,"99_1_3_0"
0,1900,"0.971985","241.93","359.2592592592592593",0,1,"99_1_410_0"
0,1900,"0.971985","241.93","720.0000000000000000",0,1,"99_1_501_0"
0,1900,"0.971985","241.93","480.0000000000000000",0,1,"99_1_73_0"
0,1900,"0.971985","241.93","480.0000000000000000",0,1,"99_1_78_0"
0,1900,"0.971985","241.93","480.0000000000000000",0,1,"99_1_84_0"
0,1900,"0.971985","241.93","568.8888888888888889",0,1,"99_1_99_0"
